Timing Analyzer report for BiometricLock
Tue May 12 20:51:45 2026
Quartus Prime Version 20.1.1 Build 720 11/11/2020 SJ Lite Edition


---------------------
; Table of Contents ;
---------------------
  1. Legal Notice
  2. Timing Analyzer Summary
  3. Parallel Compilation
  4. Clocks
  5. Slow 1200mV 85C Model Fmax Summary
  6. Timing Closure Recommendations
  7. Slow 1200mV 85C Model Setup Summary
  8. Slow 1200mV 85C Model Hold Summary
  9. Slow 1200mV 85C Model Recovery Summary
 10. Slow 1200mV 85C Model Removal Summary
 11. Slow 1200mV 85C Model Minimum Pulse Width Summary
 12. Slow 1200mV 85C Model Setup: 'clk'
 13. Slow 1200mV 85C Model Hold: 'clk'
 14. Slow 1200mV 85C Model Metastability Summary
 15. Slow 1200mV 0C Model Fmax Summary
 16. Slow 1200mV 0C Model Setup Summary
 17. Slow 1200mV 0C Model Hold Summary
 18. Slow 1200mV 0C Model Recovery Summary
 19. Slow 1200mV 0C Model Removal Summary
 20. Slow 1200mV 0C Model Minimum Pulse Width Summary
 21. Slow 1200mV 0C Model Setup: 'clk'
 22. Slow 1200mV 0C Model Hold: 'clk'
 23. Slow 1200mV 0C Model Metastability Summary
 24. Fast 1200mV 0C Model Setup Summary
 25. Fast 1200mV 0C Model Hold Summary
 26. Fast 1200mV 0C Model Recovery Summary
 27. Fast 1200mV 0C Model Removal Summary
 28. Fast 1200mV 0C Model Minimum Pulse Width Summary
 29. Fast 1200mV 0C Model Setup: 'clk'
 30. Fast 1200mV 0C Model Hold: 'clk'
 31. Fast 1200mV 0C Model Metastability Summary
 32. Multicorner Timing Analysis Summary
 33. Board Trace Model Assignments
 34. Input Transition Times
 35. Signal Integrity Metrics (Slow 1200mv 0c Model)
 36. Signal Integrity Metrics (Slow 1200mv 85c Model)
 37. Signal Integrity Metrics (Fast 1200mv 0c Model)
 38. Setup Transfers
 39. Hold Transfers
 40. Report TCCS
 41. Report RSKM
 42. Unconstrained Paths Summary
 43. Clock Status Summary
 44. Unconstrained Input Ports
 45. Unconstrained Output Ports
 46. Unconstrained Input Ports
 47. Unconstrained Output Ports
 48. Timing Analyzer Messages



----------------
; Legal Notice ;
----------------
Copyright (C) 2020  Intel Corporation. All rights reserved.
Your use of Intel Corporation's design tools, logic functions 
and other software and tools, and any partner logic 
functions, and any output files from any of the foregoing 
(including device programming or simulation files), and any 
associated documentation or information are expressly subject 
to the terms and conditions of the Intel Program License 
Subscription Agreement, the Intel Quartus Prime License Agreement,
the Intel FPGA IP License Agreement, or other applicable license
agreement, including, without limitation, that your use is for
the sole purpose of programming logic devices manufactured by
Intel and sold by Intel or its authorized distributors.  Please
refer to the applicable agreement for further details, at
https://fpgasoftware.intel.com/eula.



+-----------------------------------------------------------------------------+
; Timing Analyzer Summary                                                     ;
+-----------------------+-----------------------------------------------------+
; Quartus Prime Version ; Version 20.1.1 Build 720 11/11/2020 SJ Lite Edition ;
; Timing Analyzer       ; Legacy Timing Analyzer                              ;
; Revision Name         ; BiometricLock                                       ;
; Device Family         ; Cyclone IV E                                        ;
; Device Name           ; EP4CE115F29C7                                       ;
; Timing Models         ; Final                                               ;
; Delay Model           ; Combined                                            ;
; Rise/Fall Delays      ; Enabled                                             ;
+-----------------------+-----------------------------------------------------+


+------------------------------------------+
; Parallel Compilation                     ;
+----------------------------+-------------+
; Processors                 ; Number      ;
+----------------------------+-------------+
; Number detected on machine ; 8           ;
; Maximum allowed            ; 4           ;
;                            ;             ;
; Average used               ; 1.01        ;
; Maximum used               ; 4           ;
;                            ;             ;
; Usage by Processor         ; % Time Used ;
;     Processor 1            ; 100.0%      ;
;     Processors 2-4         ;   0.3%      ;
+----------------------------+-------------+


+---------------------------------------------------------------------------------------------------------------------------------------------------------------------------------+
; Clocks                                                                                                                                                                          ;
+------------+------+--------+------------+-------+-------+------------+-----------+-------------+-------+--------+-----------+------------+----------+--------+--------+---------+
; Clock Name ; Type ; Period ; Frequency  ; Rise  ; Fall  ; Duty Cycle ; Divide by ; Multiply by ; Phase ; Offset ; Edge List ; Edge Shift ; Inverted ; Master ; Source ; Targets ;
+------------+------+--------+------------+-------+-------+------------+-----------+-------------+-------+--------+-----------+------------+----------+--------+--------+---------+
; clk        ; Base ; 1.000  ; 1000.0 MHz ; 0.000 ; 0.500 ;            ;           ;             ;       ;        ;           ;            ;          ;        ;        ; { clk } ;
+------------+------+--------+------------+-------+-------+------------+-----------+-------------+-------+--------+-----------+------------+----------+--------+--------+---------+


+-----------------------------------------------------------------------------------------------------------+
; Slow 1200mV 85C Model Fmax Summary                                                                        ;
+------------+-----------------+------------+---------------------------------------------------------------+
; Fmax       ; Restricted Fmax ; Clock Name ; Note                                                          ;
+------------+-----------------+------------+---------------------------------------------------------------+
; 250.38 MHz ; 250.0 MHz       ; clk        ; limit due to minimum period restriction (max I/O toggle rate) ;
+------------+-----------------+------------+---------------------------------------------------------------+
This panel reports FMAX for every clock in the design, regardless of the user-specified clock periods.  FMAX is only computed for paths where the source and destination registers or ports are driven by the same clock.  Paths of different clocks, including generated clocks, are ignored.  For paths between a clock and its inversion, FMAX is computed as if the rising and falling edges are scaled along with FMAX, such that the duty cycle (in terms of a percentage) is maintained. Altera recommends that you always use clock constraints and other slack reports for sign-off analysis.


----------------------------------
; Timing Closure Recommendations ;
----------------------------------
HTML report is unavailable in plain text report export.


+-------------------------------------+
; Slow 1200mV 85C Model Setup Summary ;
+-------+--------+--------------------+
; Clock ; Slack  ; End Point TNS      ;
+-------+--------+--------------------+
; clk   ; -2.994 ; -102.213           ;
+-------+--------+--------------------+


+------------------------------------+
; Slow 1200mV 85C Model Hold Summary ;
+-------+-------+--------------------+
; Clock ; Slack ; End Point TNS      ;
+-------+-------+--------------------+
; clk   ; 0.385 ; 0.000              ;
+-------+-------+--------------------+


------------------------------------------
; Slow 1200mV 85C Model Recovery Summary ;
------------------------------------------
No paths to report.


-----------------------------------------
; Slow 1200mV 85C Model Removal Summary ;
-----------------------------------------
No paths to report.


+---------------------------------------------------+
; Slow 1200mV 85C Model Minimum Pulse Width Summary ;
+-------+--------+----------------------------------+
; Clock ; Slack  ; End Point TNS                    ;
+-------+--------+----------------------------------+
; clk   ; -3.000 ; -54.400                          ;
+-------+--------+----------------------------------+


+------------------------------------------------------------------------------------------------------------------+
; Slow 1200mV 85C Model Setup: 'clk'                                                                               ;
+--------+-----------------+-----------------+--------------+-------------+--------------+------------+------------+
; Slack  ; From Node       ; To Node         ; Launch Clock ; Latch Clock ; Relationship ; Clock Skew ; Data Delay ;
+--------+-----------------+-----------------+--------------+-------------+--------------+------------+------------+
; -2.994 ; clock_count[8]  ; clock_count[9]  ; clk          ; clk         ; 1.000        ; -0.513     ; 3.479      ;
; -2.994 ; clock_count[8]  ; clock_count[0]  ; clk          ; clk         ; 1.000        ; -0.513     ; 3.479      ;
; -2.994 ; clock_count[8]  ; clock_count[1]  ; clk          ; clk         ; 1.000        ; -0.513     ; 3.479      ;
; -2.994 ; clock_count[8]  ; clock_count[2]  ; clk          ; clk         ; 1.000        ; -0.513     ; 3.479      ;
; -2.994 ; clock_count[8]  ; clock_count[3]  ; clk          ; clk         ; 1.000        ; -0.513     ; 3.479      ;
; -2.994 ; clock_count[8]  ; clock_count[4]  ; clk          ; clk         ; 1.000        ; -0.513     ; 3.479      ;
; -2.994 ; clock_count[8]  ; clock_count[5]  ; clk          ; clk         ; 1.000        ; -0.513     ; 3.479      ;
; -2.994 ; clock_count[8]  ; clock_count[6]  ; clk          ; clk         ; 1.000        ; -0.513     ; 3.479      ;
; -2.994 ; clock_count[8]  ; clock_count[7]  ; clk          ; clk         ; 1.000        ; -0.513     ; 3.479      ;
; -2.994 ; clock_count[8]  ; clock_count[11] ; clk          ; clk         ; 1.000        ; -0.513     ; 3.479      ;
; -2.994 ; clock_count[8]  ; clock_count[10] ; clk          ; clk         ; 1.000        ; -0.513     ; 3.479      ;
; -2.994 ; clock_count[8]  ; clock_count[12] ; clk          ; clk         ; 1.000        ; -0.513     ; 3.479      ;
; -2.994 ; clock_count[8]  ; clock_count[13] ; clk          ; clk         ; 1.000        ; -0.513     ; 3.479      ;
; -2.987 ; clock_count[2]  ; clock_count[9]  ; clk          ; clk         ; 1.000        ; -0.081     ; 3.904      ;
; -2.987 ; clock_count[2]  ; clock_count[0]  ; clk          ; clk         ; 1.000        ; -0.081     ; 3.904      ;
; -2.987 ; clock_count[2]  ; clock_count[1]  ; clk          ; clk         ; 1.000        ; -0.081     ; 3.904      ;
; -2.987 ; clock_count[2]  ; clock_count[2]  ; clk          ; clk         ; 1.000        ; -0.081     ; 3.904      ;
; -2.987 ; clock_count[2]  ; clock_count[3]  ; clk          ; clk         ; 1.000        ; -0.081     ; 3.904      ;
; -2.987 ; clock_count[2]  ; clock_count[4]  ; clk          ; clk         ; 1.000        ; -0.081     ; 3.904      ;
; -2.987 ; clock_count[2]  ; clock_count[5]  ; clk          ; clk         ; 1.000        ; -0.081     ; 3.904      ;
; -2.987 ; clock_count[2]  ; clock_count[6]  ; clk          ; clk         ; 1.000        ; -0.081     ; 3.904      ;
; -2.987 ; clock_count[2]  ; clock_count[7]  ; clk          ; clk         ; 1.000        ; -0.081     ; 3.904      ;
; -2.987 ; clock_count[2]  ; clock_count[11] ; clk          ; clk         ; 1.000        ; -0.081     ; 3.904      ;
; -2.987 ; clock_count[2]  ; clock_count[10] ; clk          ; clk         ; 1.000        ; -0.081     ; 3.904      ;
; -2.987 ; clock_count[2]  ; clock_count[12] ; clk          ; clk         ; 1.000        ; -0.081     ; 3.904      ;
; -2.987 ; clock_count[2]  ; clock_count[13] ; clk          ; clk         ; 1.000        ; -0.081     ; 3.904      ;
; -2.965 ; clock_count[11] ; clock_count[9]  ; clk          ; clk         ; 1.000        ; -0.081     ; 3.882      ;
; -2.965 ; clock_count[11] ; clock_count[0]  ; clk          ; clk         ; 1.000        ; -0.081     ; 3.882      ;
; -2.965 ; clock_count[11] ; clock_count[1]  ; clk          ; clk         ; 1.000        ; -0.081     ; 3.882      ;
; -2.965 ; clock_count[11] ; clock_count[2]  ; clk          ; clk         ; 1.000        ; -0.081     ; 3.882      ;
; -2.965 ; clock_count[11] ; clock_count[3]  ; clk          ; clk         ; 1.000        ; -0.081     ; 3.882      ;
; -2.965 ; clock_count[11] ; clock_count[4]  ; clk          ; clk         ; 1.000        ; -0.081     ; 3.882      ;
; -2.965 ; clock_count[11] ; clock_count[5]  ; clk          ; clk         ; 1.000        ; -0.081     ; 3.882      ;
; -2.965 ; clock_count[11] ; clock_count[6]  ; clk          ; clk         ; 1.000        ; -0.081     ; 3.882      ;
; -2.965 ; clock_count[11] ; clock_count[7]  ; clk          ; clk         ; 1.000        ; -0.081     ; 3.882      ;
; -2.965 ; clock_count[11] ; clock_count[11] ; clk          ; clk         ; 1.000        ; -0.081     ; 3.882      ;
; -2.965 ; clock_count[11] ; clock_count[10] ; clk          ; clk         ; 1.000        ; -0.081     ; 3.882      ;
; -2.965 ; clock_count[11] ; clock_count[12] ; clk          ; clk         ; 1.000        ; -0.081     ; 3.882      ;
; -2.965 ; clock_count[11] ; clock_count[13] ; clk          ; clk         ; 1.000        ; -0.081     ; 3.882      ;
; -2.964 ; clock_count[4]  ; clock_count[9]  ; clk          ; clk         ; 1.000        ; -0.081     ; 3.881      ;
; -2.964 ; clock_count[4]  ; clock_count[0]  ; clk          ; clk         ; 1.000        ; -0.081     ; 3.881      ;
; -2.964 ; clock_count[4]  ; clock_count[1]  ; clk          ; clk         ; 1.000        ; -0.081     ; 3.881      ;
; -2.964 ; clock_count[4]  ; clock_count[2]  ; clk          ; clk         ; 1.000        ; -0.081     ; 3.881      ;
; -2.964 ; clock_count[4]  ; clock_count[3]  ; clk          ; clk         ; 1.000        ; -0.081     ; 3.881      ;
; -2.964 ; clock_count[4]  ; clock_count[4]  ; clk          ; clk         ; 1.000        ; -0.081     ; 3.881      ;
; -2.964 ; clock_count[4]  ; clock_count[5]  ; clk          ; clk         ; 1.000        ; -0.081     ; 3.881      ;
; -2.964 ; clock_count[4]  ; clock_count[6]  ; clk          ; clk         ; 1.000        ; -0.081     ; 3.881      ;
; -2.964 ; clock_count[4]  ; clock_count[7]  ; clk          ; clk         ; 1.000        ; -0.081     ; 3.881      ;
; -2.964 ; clock_count[4]  ; clock_count[11] ; clk          ; clk         ; 1.000        ; -0.081     ; 3.881      ;
; -2.964 ; clock_count[4]  ; clock_count[10] ; clk          ; clk         ; 1.000        ; -0.081     ; 3.881      ;
; -2.964 ; clock_count[4]  ; clock_count[12] ; clk          ; clk         ; 1.000        ; -0.081     ; 3.881      ;
; -2.964 ; clock_count[4]  ; clock_count[13] ; clk          ; clk         ; 1.000        ; -0.081     ; 3.881      ;
; -2.954 ; clock_count[8]  ; state.START     ; clk          ; clk         ; 1.000        ; -0.512     ; 3.440      ;
; -2.949 ; clock_count[15] ; clock_count[9]  ; clk          ; clk         ; 1.000        ; -0.513     ; 3.434      ;
; -2.949 ; clock_count[15] ; clock_count[0]  ; clk          ; clk         ; 1.000        ; -0.513     ; 3.434      ;
; -2.949 ; clock_count[15] ; clock_count[1]  ; clk          ; clk         ; 1.000        ; -0.513     ; 3.434      ;
; -2.949 ; clock_count[15] ; clock_count[2]  ; clk          ; clk         ; 1.000        ; -0.513     ; 3.434      ;
; -2.949 ; clock_count[15] ; clock_count[3]  ; clk          ; clk         ; 1.000        ; -0.513     ; 3.434      ;
; -2.949 ; clock_count[15] ; clock_count[4]  ; clk          ; clk         ; 1.000        ; -0.513     ; 3.434      ;
; -2.949 ; clock_count[15] ; clock_count[5]  ; clk          ; clk         ; 1.000        ; -0.513     ; 3.434      ;
; -2.949 ; clock_count[15] ; clock_count[6]  ; clk          ; clk         ; 1.000        ; -0.513     ; 3.434      ;
; -2.949 ; clock_count[15] ; clock_count[7]  ; clk          ; clk         ; 1.000        ; -0.513     ; 3.434      ;
; -2.949 ; clock_count[15] ; clock_count[11] ; clk          ; clk         ; 1.000        ; -0.513     ; 3.434      ;
; -2.949 ; clock_count[15] ; clock_count[10] ; clk          ; clk         ; 1.000        ; -0.513     ; 3.434      ;
; -2.949 ; clock_count[15] ; clock_count[12] ; clk          ; clk         ; 1.000        ; -0.513     ; 3.434      ;
; -2.949 ; clock_count[15] ; clock_count[13] ; clk          ; clk         ; 1.000        ; -0.513     ; 3.434      ;
; -2.947 ; clock_count[2]  ; state.START     ; clk          ; clk         ; 1.000        ; -0.080     ; 3.865      ;
; -2.925 ; clock_count[11] ; state.START     ; clk          ; clk         ; 1.000        ; -0.080     ; 3.843      ;
; -2.924 ; clock_count[4]  ; state.START     ; clk          ; clk         ; 1.000        ; -0.080     ; 3.842      ;
; -2.922 ; clock_count[15] ; state.START     ; clk          ; clk         ; 1.000        ; -0.512     ; 3.408      ;
; -2.913 ; clock_count[13] ; clock_count[9]  ; clk          ; clk         ; 1.000        ; -0.081     ; 3.830      ;
; -2.913 ; clock_count[13] ; clock_count[0]  ; clk          ; clk         ; 1.000        ; -0.081     ; 3.830      ;
; -2.913 ; clock_count[13] ; clock_count[1]  ; clk          ; clk         ; 1.000        ; -0.081     ; 3.830      ;
; -2.913 ; clock_count[13] ; clock_count[2]  ; clk          ; clk         ; 1.000        ; -0.081     ; 3.830      ;
; -2.913 ; clock_count[13] ; clock_count[3]  ; clk          ; clk         ; 1.000        ; -0.081     ; 3.830      ;
; -2.913 ; clock_count[13] ; clock_count[4]  ; clk          ; clk         ; 1.000        ; -0.081     ; 3.830      ;
; -2.913 ; clock_count[13] ; clock_count[5]  ; clk          ; clk         ; 1.000        ; -0.081     ; 3.830      ;
; -2.913 ; clock_count[13] ; clock_count[6]  ; clk          ; clk         ; 1.000        ; -0.081     ; 3.830      ;
; -2.913 ; clock_count[13] ; clock_count[7]  ; clk          ; clk         ; 1.000        ; -0.081     ; 3.830      ;
; -2.913 ; clock_count[13] ; clock_count[11] ; clk          ; clk         ; 1.000        ; -0.081     ; 3.830      ;
; -2.913 ; clock_count[13] ; clock_count[10] ; clk          ; clk         ; 1.000        ; -0.081     ; 3.830      ;
; -2.913 ; clock_count[13] ; clock_count[12] ; clk          ; clk         ; 1.000        ; -0.081     ; 3.830      ;
; -2.913 ; clock_count[13] ; clock_count[13] ; clk          ; clk         ; 1.000        ; -0.081     ; 3.830      ;
; -2.910 ; clock_count[10] ; clock_count[9]  ; clk          ; clk         ; 1.000        ; -0.081     ; 3.827      ;
; -2.910 ; clock_count[10] ; clock_count[0]  ; clk          ; clk         ; 1.000        ; -0.081     ; 3.827      ;
; -2.910 ; clock_count[10] ; clock_count[1]  ; clk          ; clk         ; 1.000        ; -0.081     ; 3.827      ;
; -2.910 ; clock_count[10] ; clock_count[2]  ; clk          ; clk         ; 1.000        ; -0.081     ; 3.827      ;
; -2.910 ; clock_count[10] ; clock_count[3]  ; clk          ; clk         ; 1.000        ; -0.081     ; 3.827      ;
; -2.910 ; clock_count[10] ; clock_count[4]  ; clk          ; clk         ; 1.000        ; -0.081     ; 3.827      ;
; -2.910 ; clock_count[10] ; clock_count[5]  ; clk          ; clk         ; 1.000        ; -0.081     ; 3.827      ;
; -2.910 ; clock_count[10] ; clock_count[6]  ; clk          ; clk         ; 1.000        ; -0.081     ; 3.827      ;
; -2.910 ; clock_count[10] ; clock_count[7]  ; clk          ; clk         ; 1.000        ; -0.081     ; 3.827      ;
; -2.910 ; clock_count[10] ; clock_count[11] ; clk          ; clk         ; 1.000        ; -0.081     ; 3.827      ;
; -2.910 ; clock_count[10] ; clock_count[10] ; clk          ; clk         ; 1.000        ; -0.081     ; 3.827      ;
; -2.910 ; clock_count[10] ; clock_count[12] ; clk          ; clk         ; 1.000        ; -0.081     ; 3.827      ;
; -2.910 ; clock_count[10] ; clock_count[13] ; clk          ; clk         ; 1.000        ; -0.081     ; 3.827      ;
; -2.877 ; clock_count[15] ; state.DATA      ; clk          ; clk         ; 1.000        ; -0.126     ; 3.749      ;
; -2.877 ; clock_count[15] ; state.IDLE      ; clk          ; clk         ; 1.000        ; -0.126     ; 3.749      ;
; -2.873 ; clock_count[13] ; state.START     ; clk          ; clk         ; 1.000        ; -0.080     ; 3.791      ;
; -2.872 ; clock_count[8]  ; state.DATA      ; clk          ; clk         ; 1.000        ; -0.126     ; 3.744      ;
+--------+-----------------+-----------------+--------------+-------------+--------------+------------+------------+


+------------------------------------------------------------------------------------------------------------------+
; Slow 1200mV 85C Model Hold: 'clk'                                                                                ;
+-------+-----------------+------------------+--------------+-------------+--------------+------------+------------+
; Slack ; From Node       ; To Node          ; Launch Clock ; Latch Clock ; Relationship ; Clock Skew ; Data Delay ;
+-------+-----------------+------------------+--------------+-------------+--------------+------------+------------+
; 0.385 ; shift_reg[7]    ; shift_reg[7]     ; clk          ; clk         ; 0.000        ; 0.098      ; 0.669      ;
; 0.385 ; shift_reg[6]    ; shift_reg[6]     ; clk          ; clk         ; 0.000        ; 0.098      ; 0.669      ;
; 0.385 ; shift_reg[5]    ; shift_reg[5]     ; clk          ; clk         ; 0.000        ; 0.098      ; 0.669      ;
; 0.385 ; shift_reg[4]    ; shift_reg[4]     ; clk          ; clk         ; 0.000        ; 0.098      ; 0.669      ;
; 0.385 ; shift_reg[3]    ; shift_reg[3]     ; clk          ; clk         ; 0.000        ; 0.098      ; 0.669      ;
; 0.385 ; shift_reg[2]    ; shift_reg[2]     ; clk          ; clk         ; 0.000        ; 0.098      ; 0.669      ;
; 0.385 ; shift_reg[1]    ; shift_reg[1]     ; clk          ; clk         ; 0.000        ; 0.098      ; 0.669      ;
; 0.385 ; shift_reg[0]    ; shift_reg[0]     ; clk          ; clk         ; 0.000        ; 0.098      ; 0.669      ;
; 0.402 ; bit_index[2]    ; bit_index[2]     ; clk          ; clk         ; 0.000        ; 0.081      ; 0.669      ;
; 0.402 ; state.STOP      ; state.STOP       ; clk          ; clk         ; 0.000        ; 0.081      ; 0.669      ;
; 0.402 ; state.START     ; state.START      ; clk          ; clk         ; 0.000        ; 0.081      ; 0.669      ;
; 0.402 ; bit_index[0]    ; bit_index[0]     ; clk          ; clk         ; 0.000        ; 0.081      ; 0.669      ;
; 0.402 ; bit_index[1]    ; bit_index[1]     ; clk          ; clk         ; 0.000        ; 0.081      ; 0.669      ;
; 0.457 ; state.START     ; bit_index[2]     ; clk          ; clk         ; 0.000        ; 0.081      ; 0.724      ;
; 0.541 ; clock_count[13] ; clock_count[14]  ; clk          ; clk         ; 0.000        ; 0.513      ; 1.240      ;
; 0.543 ; clock_count[7]  ; clock_count[8]   ; clk          ; clk         ; 0.000        ; 0.513      ; 1.242      ;
; 0.557 ; clock_count[6]  ; clock_count[8]   ; clk          ; clk         ; 0.000        ; 0.513      ; 1.256      ;
; 0.561 ; clock_count[12] ; clock_count[14]  ; clk          ; clk         ; 0.000        ; 0.513      ; 1.260      ;
; 0.627 ; state.START     ; bit_index[1]     ; clk          ; clk         ; 0.000        ; 0.082      ; 0.895      ;
; 0.631 ; shift_reg[6]    ; data_out[6]~reg0 ; clk          ; clk         ; 0.000        ; 0.132      ; 0.949      ;
; 0.640 ; clock_count[15] ; clock_count[15]  ; clk          ; clk         ; 0.000        ; 0.098      ; 0.924      ;
; 0.644 ; clock_count[14] ; clock_count[14]  ; clk          ; clk         ; 0.000        ; 0.098      ; 0.928      ;
; 0.655 ; clock_count[3]  ; clock_count[3]   ; clk          ; clk         ; 0.000        ; 0.081      ; 0.922      ;
; 0.655 ; clock_count[5]  ; clock_count[5]   ; clk          ; clk         ; 0.000        ; 0.081      ; 0.922      ;
; 0.655 ; clock_count[13] ; clock_count[13]  ; clk          ; clk         ; 0.000        ; 0.081      ; 0.922      ;
; 0.656 ; clock_count[1]  ; clock_count[1]   ; clk          ; clk         ; 0.000        ; 0.081      ; 0.923      ;
; 0.656 ; clock_count[11] ; clock_count[11]  ; clk          ; clk         ; 0.000        ; 0.081      ; 0.923      ;
; 0.657 ; clock_count[6]  ; clock_count[6]   ; clk          ; clk         ; 0.000        ; 0.081      ; 0.924      ;
; 0.658 ; clock_count[9]  ; clock_count[9]   ; clk          ; clk         ; 0.000        ; 0.081      ; 0.925      ;
; 0.658 ; clock_count[7]  ; clock_count[7]   ; clk          ; clk         ; 0.000        ; 0.081      ; 0.925      ;
; 0.660 ; clock_count[2]  ; clock_count[2]   ; clk          ; clk         ; 0.000        ; 0.081      ; 0.927      ;
; 0.660 ; clock_count[4]  ; clock_count[4]   ; clk          ; clk         ; 0.000        ; 0.081      ; 0.927      ;
; 0.661 ; clock_count[10] ; clock_count[10]  ; clk          ; clk         ; 0.000        ; 0.081      ; 0.928      ;
; 0.661 ; clock_count[12] ; clock_count[12]  ; clk          ; clk         ; 0.000        ; 0.081      ; 0.928      ;
; 0.662 ; clock_count[13] ; clock_count[15]  ; clk          ; clk         ; 0.000        ; 0.513      ; 1.361      ;
; 0.667 ; clock_count[8]  ; clock_count[8]   ; clk          ; clk         ; 0.000        ; 0.098      ; 0.951      ;
; 0.667 ; clock_count[5]  ; clock_count[8]   ; clk          ; clk         ; 0.000        ; 0.513      ; 1.366      ;
; 0.668 ; clock_count[11] ; clock_count[14]  ; clk          ; clk         ; 0.000        ; 0.513      ; 1.367      ;
; 0.682 ; clock_count[0]  ; clock_count[0]   ; clk          ; clk         ; 0.000        ; 0.081      ; 0.949      ;
; 0.682 ; clock_count[12] ; clock_count[15]  ; clk          ; clk         ; 0.000        ; 0.513      ; 1.381      ;
; 0.685 ; shift_reg[7]    ; data_out[7]~reg0 ; clk          ; clk         ; 0.000        ; 0.107      ; 0.978      ;
; 0.686 ; clock_count[4]  ; clock_count[8]   ; clk          ; clk         ; 0.000        ; 0.513      ; 1.385      ;
; 0.687 ; clock_count[10] ; clock_count[14]  ; clk          ; clk         ; 0.000        ; 0.513      ; 1.386      ;
; 0.718 ; shift_reg[3]    ; data_out[3]~reg0 ; clk          ; clk         ; 0.000        ; 0.107      ; 1.011      ;
; 0.721 ; state.STOP      ; data_valid~reg0  ; clk          ; clk         ; 0.000        ; 0.080      ; 0.987      ;
; 0.722 ; shift_reg[0]    ; data_out[0]~reg0 ; clk          ; clk         ; 0.000        ; 0.107      ; 1.015      ;
; 0.789 ; clock_count[11] ; clock_count[15]  ; clk          ; clk         ; 0.000        ; 0.513      ; 1.488      ;
; 0.793 ; clock_count[3]  ; clock_count[8]   ; clk          ; clk         ; 0.000        ; 0.513      ; 1.492      ;
; 0.795 ; clock_count[9]  ; clock_count[14]  ; clk          ; clk         ; 0.000        ; 0.513      ; 1.494      ;
; 0.808 ; shift_reg[4]    ; data_out[4]~reg0 ; clk          ; clk         ; 0.000        ; 0.107      ; 1.101      ;
; 0.808 ; clock_count[10] ; clock_count[15]  ; clk          ; clk         ; 0.000        ; 0.513      ; 1.507      ;
; 0.810 ; shift_reg[1]    ; data_out[1]~reg0 ; clk          ; clk         ; 0.000        ; 0.107      ; 1.103      ;
; 0.812 ; clock_count[2]  ; clock_count[8]   ; clk          ; clk         ; 0.000        ; 0.513      ; 1.511      ;
; 0.818 ; shift_reg[5]    ; data_out[5]~reg0 ; clk          ; clk         ; 0.000        ; 0.107      ; 1.111      ;
; 0.820 ; state.STOP      ; state.IDLE       ; clk          ; clk         ; 0.000        ; 0.482      ; 1.488      ;
; 0.821 ; state.STOP      ; state.DATA       ; clk          ; clk         ; 0.000        ; 0.482      ; 1.489      ;
; 0.857 ; shift_reg[2]    ; data_out[2]~reg0 ; clk          ; clk         ; 0.000        ; 0.107      ; 1.150      ;
; 0.901 ; state.STOP      ; bit_index[1]     ; clk          ; clk         ; 0.000        ; 0.081      ; 1.168      ;
; 0.916 ; clock_count[9]  ; clock_count[15]  ; clk          ; clk         ; 0.000        ; 0.513      ; 1.615      ;
; 0.919 ; clock_count[1]  ; clock_count[8]   ; clk          ; clk         ; 0.000        ; 0.513      ; 1.618      ;
; 0.921 ; clock_count[7]  ; clock_count[14]  ; clk          ; clk         ; 0.000        ; 0.513      ; 1.620      ;
; 0.935 ; clock_count[6]  ; clock_count[14]  ; clk          ; clk         ; 0.000        ; 0.513      ; 1.634      ;
; 0.937 ; clock_count[0]  ; clock_count[8]   ; clk          ; clk         ; 0.000        ; 0.513      ; 1.636      ;
; 0.943 ; bit_index[2]    ; shift_reg[2]     ; clk          ; clk         ; 0.000        ; 0.515      ; 1.644      ;
; 0.944 ; bit_index[2]    ; shift_reg[4]     ; clk          ; clk         ; 0.000        ; 0.515      ; 1.645      ;
; 0.944 ; bit_index[2]    ; shift_reg[3]     ; clk          ; clk         ; 0.000        ; 0.515      ; 1.645      ;
; 0.945 ; bit_index[2]    ; shift_reg[0]     ; clk          ; clk         ; 0.000        ; 0.515      ; 1.646      ;
; 0.946 ; bit_index[2]    ; shift_reg[7]     ; clk          ; clk         ; 0.000        ; 0.515      ; 1.647      ;
; 0.946 ; bit_index[2]    ; shift_reg[5]     ; clk          ; clk         ; 0.000        ; 0.515      ; 1.647      ;
; 0.971 ; clock_count[14] ; clock_count[15]  ; clk          ; clk         ; 0.000        ; 0.098      ; 1.255      ;
; 0.973 ; clock_count[5]  ; clock_count[6]   ; clk          ; clk         ; 0.000        ; 0.081      ; 1.240      ;
; 0.973 ; clock_count[1]  ; clock_count[2]   ; clk          ; clk         ; 0.000        ; 0.081      ; 1.240      ;
; 0.973 ; clock_count[3]  ; clock_count[4]   ; clk          ; clk         ; 0.000        ; 0.081      ; 1.240      ;
; 0.974 ; clock_count[11] ; clock_count[12]  ; clk          ; clk         ; 0.000        ; 0.081      ; 1.241      ;
; 0.975 ; clock_count[9]  ; clock_count[10]  ; clk          ; clk         ; 0.000        ; 0.081      ; 1.242      ;
; 0.984 ; clock_count[6]  ; clock_count[7]   ; clk          ; clk         ; 0.000        ; 0.081      ; 1.251      ;
; 0.986 ; clock_count[0]  ; clock_count[1]   ; clk          ; clk         ; 0.000        ; 0.081      ; 1.253      ;
; 0.987 ; clock_count[2]  ; clock_count[3]   ; clk          ; clk         ; 0.000        ; 0.081      ; 1.254      ;
; 0.987 ; clock_count[4]  ; clock_count[5]   ; clk          ; clk         ; 0.000        ; 0.081      ; 1.254      ;
; 0.988 ; clock_count[12] ; clock_count[13]  ; clk          ; clk         ; 0.000        ; 0.081      ; 1.255      ;
; 0.988 ; clock_count[10] ; clock_count[11]  ; clk          ; clk         ; 0.000        ; 0.081      ; 1.255      ;
; 0.991 ; clock_count[0]  ; clock_count[2]   ; clk          ; clk         ; 0.000        ; 0.081      ; 1.258      ;
; 0.992 ; clock_count[4]  ; clock_count[6]   ; clk          ; clk         ; 0.000        ; 0.081      ; 1.259      ;
; 0.992 ; clock_count[2]  ; clock_count[4]   ; clk          ; clk         ; 0.000        ; 0.081      ; 1.259      ;
; 0.993 ; clock_count[10] ; clock_count[12]  ; clk          ; clk         ; 0.000        ; 0.081      ; 1.260      ;
; 1.000 ; bit_index[0]    ; shift_reg[7]     ; clk          ; clk         ; 0.000        ; 0.514      ; 1.700      ;
; 1.000 ; bit_index[0]    ; shift_reg[3]     ; clk          ; clk         ; 0.000        ; 0.514      ; 1.700      ;
; 1.006 ; bit_index[1]    ; shift_reg[7]     ; clk          ; clk         ; 0.000        ; 0.514      ; 1.706      ;
; 1.007 ; bit_index[1]    ; shift_reg[3]     ; clk          ; clk         ; 0.000        ; 0.514      ; 1.707      ;
; 1.018 ; bit_index[0]    ; shift_reg[5]     ; clk          ; clk         ; 0.000        ; 0.514      ; 1.718      ;
; 1.025 ; bit_index[1]    ; shift_reg[2]     ; clk          ; clk         ; 0.000        ; 0.514      ; 1.725      ;
; 1.026 ; bit_index[1]    ; shift_reg[4]     ; clk          ; clk         ; 0.000        ; 0.514      ; 1.726      ;
; 1.030 ; bit_index[0]    ; shift_reg[0]     ; clk          ; clk         ; 0.000        ; 0.514      ; 1.730      ;
; 1.032 ; bit_index[0]    ; shift_reg[4]     ; clk          ; clk         ; 0.000        ; 0.514      ; 1.732      ;
; 1.039 ; bit_index[1]    ; shift_reg[0]     ; clk          ; clk         ; 0.000        ; 0.514      ; 1.739      ;
; 1.042 ; clock_count[7]  ; clock_count[15]  ; clk          ; clk         ; 0.000        ; 0.513      ; 1.741      ;
; 1.045 ; clock_count[5]  ; clock_count[14]  ; clk          ; clk         ; 0.000        ; 0.513      ; 1.744      ;
; 1.046 ; bit_index[0]    ; shift_reg[2]     ; clk          ; clk         ; 0.000        ; 0.514      ; 1.746      ;
; 1.056 ; clock_count[6]  ; clock_count[15]  ; clk          ; clk         ; 0.000        ; 0.513      ; 1.755      ;
; 1.057 ; bit_index[1]    ; shift_reg[5]     ; clk          ; clk         ; 0.000        ; 0.514      ; 1.757      ;
+-------+-----------------+------------------+--------------+-------------+--------------+------------+------------+


-----------------------------------------------
; Slow 1200mV 85C Model Metastability Summary ;
-----------------------------------------------
No synchronizer chains to report.


+-----------------------------------------------------------------------------------------------------------+
; Slow 1200mV 0C Model Fmax Summary                                                                         ;
+------------+-----------------+------------+---------------------------------------------------------------+
; Fmax       ; Restricted Fmax ; Clock Name ; Note                                                          ;
+------------+-----------------+------------+---------------------------------------------------------------+
; 273.52 MHz ; 250.0 MHz       ; clk        ; limit due to minimum period restriction (max I/O toggle rate) ;
+------------+-----------------+------------+---------------------------------------------------------------+
This panel reports FMAX for every clock in the design, regardless of the user-specified clock periods.  FMAX is only computed for paths where the source and destination registers or ports are driven by the same clock.  Paths of different clocks, including generated clocks, are ignored.  For paths between a clock and its inversion, FMAX is computed as if the rising and falling edges are scaled along with FMAX, such that the duty cycle (in terms of a percentage) is maintained. Altera recommends that you always use clock constraints and other slack reports for sign-off analysis.


+------------------------------------+
; Slow 1200mV 0C Model Setup Summary ;
+-------+--------+-------------------+
; Clock ; Slack  ; End Point TNS     ;
+-------+--------+-------------------+
; clk   ; -2.656 ; -90.325           ;
+-------+--------+-------------------+


+-----------------------------------+
; Slow 1200mV 0C Model Hold Summary ;
+-------+-------+-------------------+
; Clock ; Slack ; End Point TNS     ;
+-------+-------+-------------------+
; clk   ; 0.338 ; 0.000             ;
+-------+-------+-------------------+


-----------------------------------------
; Slow 1200mV 0C Model Recovery Summary ;
-----------------------------------------
No paths to report.


----------------------------------------
; Slow 1200mV 0C Model Removal Summary ;
----------------------------------------
No paths to report.


+--------------------------------------------------+
; Slow 1200mV 0C Model Minimum Pulse Width Summary ;
+-------+--------+---------------------------------+
; Clock ; Slack  ; End Point TNS                   ;
+-------+--------+---------------------------------+
; clk   ; -3.000 ; -54.400                         ;
+-------+--------+---------------------------------+


+------------------------------------------------------------------------------------------------------------------+
; Slow 1200mV 0C Model Setup: 'clk'                                                                                ;
+--------+-----------------+-----------------+--------------+-------------+--------------+------------+------------+
; Slack  ; From Node       ; To Node         ; Launch Clock ; Latch Clock ; Relationship ; Clock Skew ; Data Delay ;
+--------+-----------------+-----------------+--------------+-------------+--------------+------------+------------+
; -2.656 ; clock_count[2]  ; clock_count[9]  ; clk          ; clk         ; 1.000        ; -0.072     ; 3.583      ;
; -2.656 ; clock_count[2]  ; clock_count[0]  ; clk          ; clk         ; 1.000        ; -0.072     ; 3.583      ;
; -2.656 ; clock_count[2]  ; clock_count[1]  ; clk          ; clk         ; 1.000        ; -0.072     ; 3.583      ;
; -2.656 ; clock_count[2]  ; clock_count[2]  ; clk          ; clk         ; 1.000        ; -0.072     ; 3.583      ;
; -2.656 ; clock_count[2]  ; clock_count[3]  ; clk          ; clk         ; 1.000        ; -0.072     ; 3.583      ;
; -2.656 ; clock_count[2]  ; clock_count[4]  ; clk          ; clk         ; 1.000        ; -0.072     ; 3.583      ;
; -2.656 ; clock_count[2]  ; clock_count[5]  ; clk          ; clk         ; 1.000        ; -0.072     ; 3.583      ;
; -2.656 ; clock_count[2]  ; clock_count[6]  ; clk          ; clk         ; 1.000        ; -0.072     ; 3.583      ;
; -2.656 ; clock_count[2]  ; clock_count[7]  ; clk          ; clk         ; 1.000        ; -0.072     ; 3.583      ;
; -2.656 ; clock_count[2]  ; clock_count[11] ; clk          ; clk         ; 1.000        ; -0.072     ; 3.583      ;
; -2.656 ; clock_count[2]  ; clock_count[10] ; clk          ; clk         ; 1.000        ; -0.072     ; 3.583      ;
; -2.656 ; clock_count[2]  ; clock_count[12] ; clk          ; clk         ; 1.000        ; -0.072     ; 3.583      ;
; -2.656 ; clock_count[2]  ; clock_count[13] ; clk          ; clk         ; 1.000        ; -0.072     ; 3.583      ;
; -2.643 ; clock_count[8]  ; clock_count[9]  ; clk          ; clk         ; 1.000        ; -0.469     ; 3.173      ;
; -2.643 ; clock_count[8]  ; clock_count[0]  ; clk          ; clk         ; 1.000        ; -0.469     ; 3.173      ;
; -2.643 ; clock_count[8]  ; clock_count[1]  ; clk          ; clk         ; 1.000        ; -0.469     ; 3.173      ;
; -2.643 ; clock_count[8]  ; clock_count[2]  ; clk          ; clk         ; 1.000        ; -0.469     ; 3.173      ;
; -2.643 ; clock_count[8]  ; clock_count[3]  ; clk          ; clk         ; 1.000        ; -0.469     ; 3.173      ;
; -2.643 ; clock_count[8]  ; clock_count[4]  ; clk          ; clk         ; 1.000        ; -0.469     ; 3.173      ;
; -2.643 ; clock_count[8]  ; clock_count[5]  ; clk          ; clk         ; 1.000        ; -0.469     ; 3.173      ;
; -2.643 ; clock_count[8]  ; clock_count[6]  ; clk          ; clk         ; 1.000        ; -0.469     ; 3.173      ;
; -2.643 ; clock_count[8]  ; clock_count[7]  ; clk          ; clk         ; 1.000        ; -0.469     ; 3.173      ;
; -2.643 ; clock_count[8]  ; clock_count[11] ; clk          ; clk         ; 1.000        ; -0.469     ; 3.173      ;
; -2.643 ; clock_count[8]  ; clock_count[10] ; clk          ; clk         ; 1.000        ; -0.469     ; 3.173      ;
; -2.643 ; clock_count[8]  ; clock_count[12] ; clk          ; clk         ; 1.000        ; -0.469     ; 3.173      ;
; -2.643 ; clock_count[8]  ; clock_count[13] ; clk          ; clk         ; 1.000        ; -0.469     ; 3.173      ;
; -2.639 ; clock_count[11] ; clock_count[9]  ; clk          ; clk         ; 1.000        ; -0.072     ; 3.566      ;
; -2.639 ; clock_count[11] ; clock_count[0]  ; clk          ; clk         ; 1.000        ; -0.072     ; 3.566      ;
; -2.639 ; clock_count[11] ; clock_count[1]  ; clk          ; clk         ; 1.000        ; -0.072     ; 3.566      ;
; -2.639 ; clock_count[11] ; clock_count[2]  ; clk          ; clk         ; 1.000        ; -0.072     ; 3.566      ;
; -2.639 ; clock_count[11] ; clock_count[3]  ; clk          ; clk         ; 1.000        ; -0.072     ; 3.566      ;
; -2.639 ; clock_count[11] ; clock_count[4]  ; clk          ; clk         ; 1.000        ; -0.072     ; 3.566      ;
; -2.639 ; clock_count[11] ; clock_count[5]  ; clk          ; clk         ; 1.000        ; -0.072     ; 3.566      ;
; -2.639 ; clock_count[11] ; clock_count[6]  ; clk          ; clk         ; 1.000        ; -0.072     ; 3.566      ;
; -2.639 ; clock_count[11] ; clock_count[7]  ; clk          ; clk         ; 1.000        ; -0.072     ; 3.566      ;
; -2.639 ; clock_count[11] ; clock_count[11] ; clk          ; clk         ; 1.000        ; -0.072     ; 3.566      ;
; -2.639 ; clock_count[11] ; clock_count[10] ; clk          ; clk         ; 1.000        ; -0.072     ; 3.566      ;
; -2.639 ; clock_count[11] ; clock_count[12] ; clk          ; clk         ; 1.000        ; -0.072     ; 3.566      ;
; -2.639 ; clock_count[11] ; clock_count[13] ; clk          ; clk         ; 1.000        ; -0.072     ; 3.566      ;
; -2.621 ; clock_count[15] ; clock_count[9]  ; clk          ; clk         ; 1.000        ; -0.469     ; 3.151      ;
; -2.621 ; clock_count[15] ; clock_count[0]  ; clk          ; clk         ; 1.000        ; -0.469     ; 3.151      ;
; -2.621 ; clock_count[15] ; clock_count[1]  ; clk          ; clk         ; 1.000        ; -0.469     ; 3.151      ;
; -2.621 ; clock_count[15] ; clock_count[2]  ; clk          ; clk         ; 1.000        ; -0.469     ; 3.151      ;
; -2.621 ; clock_count[15] ; clock_count[3]  ; clk          ; clk         ; 1.000        ; -0.469     ; 3.151      ;
; -2.621 ; clock_count[15] ; clock_count[4]  ; clk          ; clk         ; 1.000        ; -0.469     ; 3.151      ;
; -2.621 ; clock_count[15] ; clock_count[5]  ; clk          ; clk         ; 1.000        ; -0.469     ; 3.151      ;
; -2.621 ; clock_count[15] ; clock_count[6]  ; clk          ; clk         ; 1.000        ; -0.469     ; 3.151      ;
; -2.621 ; clock_count[15] ; clock_count[7]  ; clk          ; clk         ; 1.000        ; -0.469     ; 3.151      ;
; -2.621 ; clock_count[15] ; clock_count[11] ; clk          ; clk         ; 1.000        ; -0.469     ; 3.151      ;
; -2.621 ; clock_count[15] ; clock_count[10] ; clk          ; clk         ; 1.000        ; -0.469     ; 3.151      ;
; -2.621 ; clock_count[15] ; clock_count[12] ; clk          ; clk         ; 1.000        ; -0.469     ; 3.151      ;
; -2.621 ; clock_count[15] ; clock_count[13] ; clk          ; clk         ; 1.000        ; -0.469     ; 3.151      ;
; -2.609 ; clock_count[13] ; clock_count[9]  ; clk          ; clk         ; 1.000        ; -0.072     ; 3.536      ;
; -2.609 ; clock_count[13] ; clock_count[0]  ; clk          ; clk         ; 1.000        ; -0.072     ; 3.536      ;
; -2.609 ; clock_count[13] ; clock_count[1]  ; clk          ; clk         ; 1.000        ; -0.072     ; 3.536      ;
; -2.609 ; clock_count[13] ; clock_count[2]  ; clk          ; clk         ; 1.000        ; -0.072     ; 3.536      ;
; -2.609 ; clock_count[13] ; clock_count[3]  ; clk          ; clk         ; 1.000        ; -0.072     ; 3.536      ;
; -2.609 ; clock_count[13] ; clock_count[4]  ; clk          ; clk         ; 1.000        ; -0.072     ; 3.536      ;
; -2.609 ; clock_count[13] ; clock_count[5]  ; clk          ; clk         ; 1.000        ; -0.072     ; 3.536      ;
; -2.609 ; clock_count[13] ; clock_count[6]  ; clk          ; clk         ; 1.000        ; -0.072     ; 3.536      ;
; -2.609 ; clock_count[13] ; clock_count[7]  ; clk          ; clk         ; 1.000        ; -0.072     ; 3.536      ;
; -2.609 ; clock_count[13] ; clock_count[11] ; clk          ; clk         ; 1.000        ; -0.072     ; 3.536      ;
; -2.609 ; clock_count[13] ; clock_count[10] ; clk          ; clk         ; 1.000        ; -0.072     ; 3.536      ;
; -2.609 ; clock_count[13] ; clock_count[12] ; clk          ; clk         ; 1.000        ; -0.072     ; 3.536      ;
; -2.609 ; clock_count[13] ; clock_count[13] ; clk          ; clk         ; 1.000        ; -0.072     ; 3.536      ;
; -2.598 ; clock_count[4]  ; clock_count[9]  ; clk          ; clk         ; 1.000        ; -0.072     ; 3.525      ;
; -2.598 ; clock_count[4]  ; clock_count[0]  ; clk          ; clk         ; 1.000        ; -0.072     ; 3.525      ;
; -2.598 ; clock_count[4]  ; clock_count[1]  ; clk          ; clk         ; 1.000        ; -0.072     ; 3.525      ;
; -2.598 ; clock_count[4]  ; clock_count[2]  ; clk          ; clk         ; 1.000        ; -0.072     ; 3.525      ;
; -2.598 ; clock_count[4]  ; clock_count[3]  ; clk          ; clk         ; 1.000        ; -0.072     ; 3.525      ;
; -2.598 ; clock_count[4]  ; clock_count[4]  ; clk          ; clk         ; 1.000        ; -0.072     ; 3.525      ;
; -2.598 ; clock_count[4]  ; clock_count[5]  ; clk          ; clk         ; 1.000        ; -0.072     ; 3.525      ;
; -2.598 ; clock_count[4]  ; clock_count[6]  ; clk          ; clk         ; 1.000        ; -0.072     ; 3.525      ;
; -2.598 ; clock_count[4]  ; clock_count[7]  ; clk          ; clk         ; 1.000        ; -0.072     ; 3.525      ;
; -2.598 ; clock_count[4]  ; clock_count[11] ; clk          ; clk         ; 1.000        ; -0.072     ; 3.525      ;
; -2.598 ; clock_count[4]  ; clock_count[10] ; clk          ; clk         ; 1.000        ; -0.072     ; 3.525      ;
; -2.598 ; clock_count[4]  ; clock_count[12] ; clk          ; clk         ; 1.000        ; -0.072     ; 3.525      ;
; -2.598 ; clock_count[4]  ; clock_count[13] ; clk          ; clk         ; 1.000        ; -0.072     ; 3.525      ;
; -2.592 ; clock_count[2]  ; state.START     ; clk          ; clk         ; 1.000        ; -0.072     ; 3.519      ;
; -2.588 ; clock_count[10] ; clock_count[9]  ; clk          ; clk         ; 1.000        ; -0.072     ; 3.515      ;
; -2.588 ; clock_count[10] ; clock_count[0]  ; clk          ; clk         ; 1.000        ; -0.072     ; 3.515      ;
; -2.588 ; clock_count[10] ; clock_count[1]  ; clk          ; clk         ; 1.000        ; -0.072     ; 3.515      ;
; -2.588 ; clock_count[10] ; clock_count[2]  ; clk          ; clk         ; 1.000        ; -0.072     ; 3.515      ;
; -2.588 ; clock_count[10] ; clock_count[3]  ; clk          ; clk         ; 1.000        ; -0.072     ; 3.515      ;
; -2.588 ; clock_count[10] ; clock_count[4]  ; clk          ; clk         ; 1.000        ; -0.072     ; 3.515      ;
; -2.588 ; clock_count[10] ; clock_count[5]  ; clk          ; clk         ; 1.000        ; -0.072     ; 3.515      ;
; -2.588 ; clock_count[10] ; clock_count[6]  ; clk          ; clk         ; 1.000        ; -0.072     ; 3.515      ;
; -2.588 ; clock_count[10] ; clock_count[7]  ; clk          ; clk         ; 1.000        ; -0.072     ; 3.515      ;
; -2.588 ; clock_count[10] ; clock_count[11] ; clk          ; clk         ; 1.000        ; -0.072     ; 3.515      ;
; -2.588 ; clock_count[10] ; clock_count[10] ; clk          ; clk         ; 1.000        ; -0.072     ; 3.515      ;
; -2.588 ; clock_count[10] ; clock_count[12] ; clk          ; clk         ; 1.000        ; -0.072     ; 3.515      ;
; -2.588 ; clock_count[10] ; clock_count[13] ; clk          ; clk         ; 1.000        ; -0.072     ; 3.515      ;
; -2.587 ; clock_count[15] ; state.START     ; clk          ; clk         ; 1.000        ; -0.469     ; 3.117      ;
; -2.579 ; clock_count[8]  ; state.START     ; clk          ; clk         ; 1.000        ; -0.469     ; 3.109      ;
; -2.575 ; clock_count[11] ; state.START     ; clk          ; clk         ; 1.000        ; -0.072     ; 3.502      ;
; -2.552 ; clock_count[15] ; state.DATA      ; clk          ; clk         ; 1.000        ; -0.116     ; 3.435      ;
; -2.552 ; clock_count[15] ; state.IDLE      ; clk          ; clk         ; 1.000        ; -0.116     ; 3.435      ;
; -2.545 ; clock_count[13] ; state.START     ; clk          ; clk         ; 1.000        ; -0.072     ; 3.472      ;
; -2.538 ; clock_count[4]  ; state.START     ; clk          ; clk         ; 1.000        ; -0.072     ; 3.465      ;
; -2.537 ; clock_count[8]  ; state.DATA      ; clk          ; clk         ; 1.000        ; -0.116     ; 3.420      ;
+--------+-----------------+-----------------+--------------+-------------+--------------+------------+------------+


+------------------------------------------------------------------------------------------------------------------+
; Slow 1200mV 0C Model Hold: 'clk'                                                                                 ;
+-------+-----------------+------------------+--------------+-------------+--------------+------------+------------+
; Slack ; From Node       ; To Node          ; Launch Clock ; Latch Clock ; Relationship ; Clock Skew ; Data Delay ;
+-------+-----------------+------------------+--------------+-------------+--------------+------------+------------+
; 0.338 ; shift_reg[7]    ; shift_reg[7]     ; clk          ; clk         ; 0.000        ; 0.088      ; 0.597      ;
; 0.338 ; shift_reg[5]    ; shift_reg[5]     ; clk          ; clk         ; 0.000        ; 0.088      ; 0.597      ;
; 0.338 ; shift_reg[4]    ; shift_reg[4]     ; clk          ; clk         ; 0.000        ; 0.088      ; 0.597      ;
; 0.338 ; shift_reg[3]    ; shift_reg[3]     ; clk          ; clk         ; 0.000        ; 0.088      ; 0.597      ;
; 0.338 ; shift_reg[2]    ; shift_reg[2]     ; clk          ; clk         ; 0.000        ; 0.088      ; 0.597      ;
; 0.338 ; shift_reg[1]    ; shift_reg[1]     ; clk          ; clk         ; 0.000        ; 0.088      ; 0.597      ;
; 0.338 ; shift_reg[0]    ; shift_reg[0]     ; clk          ; clk         ; 0.000        ; 0.088      ; 0.597      ;
; 0.339 ; shift_reg[6]    ; shift_reg[6]     ; clk          ; clk         ; 0.000        ; 0.087      ; 0.597      ;
; 0.353 ; bit_index[2]    ; bit_index[2]     ; clk          ; clk         ; 0.000        ; 0.073      ; 0.597      ;
; 0.353 ; state.STOP      ; state.STOP       ; clk          ; clk         ; 0.000        ; 0.073      ; 0.597      ;
; 0.353 ; state.START     ; state.START      ; clk          ; clk         ; 0.000        ; 0.073      ; 0.597      ;
; 0.353 ; bit_index[0]    ; bit_index[0]     ; clk          ; clk         ; 0.000        ; 0.073      ; 0.597      ;
; 0.353 ; bit_index[1]    ; bit_index[1]     ; clk          ; clk         ; 0.000        ; 0.073      ; 0.597      ;
; 0.422 ; state.START     ; bit_index[2]     ; clk          ; clk         ; 0.000        ; 0.073      ; 0.666      ;
; 0.488 ; clock_count[13] ; clock_count[14]  ; clk          ; clk         ; 0.000        ; 0.469      ; 1.128      ;
; 0.493 ; clock_count[7]  ; clock_count[8]   ; clk          ; clk         ; 0.000        ; 0.469      ; 1.133      ;
; 0.503 ; clock_count[6]  ; clock_count[8]   ; clk          ; clk         ; 0.000        ; 0.469      ; 1.143      ;
; 0.507 ; clock_count[12] ; clock_count[14]  ; clk          ; clk         ; 0.000        ; 0.469      ; 1.147      ;
; 0.573 ; shift_reg[6]    ; data_out[6]~reg0 ; clk          ; clk         ; 0.000        ; 0.122      ; 0.866      ;
; 0.581 ; state.START     ; bit_index[1]     ; clk          ; clk         ; 0.000        ; 0.074      ; 0.826      ;
; 0.584 ; clock_count[15] ; clock_count[15]  ; clk          ; clk         ; 0.000        ; 0.088      ; 0.843      ;
; 0.587 ; clock_count[13] ; clock_count[15]  ; clk          ; clk         ; 0.000        ; 0.469      ; 1.227      ;
; 0.588 ; clock_count[14] ; clock_count[14]  ; clk          ; clk         ; 0.000        ; 0.088      ; 0.847      ;
; 0.598 ; clock_count[5]  ; clock_count[8]   ; clk          ; clk         ; 0.000        ; 0.469      ; 1.238      ;
; 0.599 ; clock_count[3]  ; clock_count[3]   ; clk          ; clk         ; 0.000        ; 0.072      ; 0.842      ;
; 0.599 ; clock_count[5]  ; clock_count[5]   ; clk          ; clk         ; 0.000        ; 0.072      ; 0.842      ;
; 0.599 ; clock_count[13] ; clock_count[13]  ; clk          ; clk         ; 0.000        ; 0.072      ; 0.842      ;
; 0.599 ; clock_count[11] ; clock_count[14]  ; clk          ; clk         ; 0.000        ; 0.469      ; 1.239      ;
; 0.600 ; clock_count[11] ; clock_count[11]  ; clk          ; clk         ; 0.000        ; 0.072      ; 0.843      ;
; 0.601 ; clock_count[1]  ; clock_count[1]   ; clk          ; clk         ; 0.000        ; 0.072      ; 0.844      ;
; 0.601 ; clock_count[6]  ; clock_count[6]   ; clk          ; clk         ; 0.000        ; 0.072      ; 0.844      ;
; 0.603 ; clock_count[9]  ; clock_count[9]   ; clk          ; clk         ; 0.000        ; 0.072      ; 0.846      ;
; 0.603 ; clock_count[7]  ; clock_count[7]   ; clk          ; clk         ; 0.000        ; 0.072      ; 0.846      ;
; 0.604 ; clock_count[2]  ; clock_count[2]   ; clk          ; clk         ; 0.000        ; 0.072      ; 0.847      ;
; 0.604 ; clock_count[4]  ; clock_count[4]   ; clk          ; clk         ; 0.000        ; 0.072      ; 0.847      ;
; 0.605 ; clock_count[10] ; clock_count[10]  ; clk          ; clk         ; 0.000        ; 0.072      ; 0.848      ;
; 0.605 ; clock_count[12] ; clock_count[12]  ; clk          ; clk         ; 0.000        ; 0.072      ; 0.848      ;
; 0.606 ; clock_count[12] ; clock_count[15]  ; clk          ; clk         ; 0.000        ; 0.469      ; 1.246      ;
; 0.608 ; clock_count[8]  ; clock_count[8]   ; clk          ; clk         ; 0.000        ; 0.088      ; 0.867      ;
; 0.616 ; clock_count[4]  ; clock_count[8]   ; clk          ; clk         ; 0.000        ; 0.469      ; 1.256      ;
; 0.617 ; clock_count[10] ; clock_count[14]  ; clk          ; clk         ; 0.000        ; 0.469      ; 1.257      ;
; 0.624 ; clock_count[0]  ; clock_count[0]   ; clk          ; clk         ; 0.000        ; 0.072      ; 0.867      ;
; 0.638 ; shift_reg[7]    ; data_out[7]~reg0 ; clk          ; clk         ; 0.000        ; 0.096      ; 0.905      ;
; 0.669 ; state.STOP      ; data_valid~reg0  ; clk          ; clk         ; 0.000        ; 0.072      ; 0.912      ;
; 0.672 ; shift_reg[3]    ; data_out[3]~reg0 ; clk          ; clk         ; 0.000        ; 0.096      ; 0.939      ;
; 0.675 ; shift_reg[0]    ; data_out[0]~reg0 ; clk          ; clk         ; 0.000        ; 0.096      ; 0.942      ;
; 0.698 ; clock_count[11] ; clock_count[15]  ; clk          ; clk         ; 0.000        ; 0.469      ; 1.338      ;
; 0.708 ; clock_count[3]  ; clock_count[8]   ; clk          ; clk         ; 0.000        ; 0.469      ; 1.348      ;
; 0.713 ; clock_count[9]  ; clock_count[14]  ; clk          ; clk         ; 0.000        ; 0.469      ; 1.353      ;
; 0.716 ; clock_count[10] ; clock_count[15]  ; clk          ; clk         ; 0.000        ; 0.469      ; 1.356      ;
; 0.726 ; clock_count[2]  ; clock_count[8]   ; clk          ; clk         ; 0.000        ; 0.469      ; 1.366      ;
; 0.749 ; shift_reg[4]    ; data_out[4]~reg0 ; clk          ; clk         ; 0.000        ; 0.096      ; 1.016      ;
; 0.750 ; shift_reg[1]    ; data_out[1]~reg0 ; clk          ; clk         ; 0.000        ; 0.096      ; 1.017      ;
; 0.760 ; shift_reg[5]    ; data_out[5]~reg0 ; clk          ; clk         ; 0.000        ; 0.096      ; 1.027      ;
; 0.763 ; state.STOP      ; state.IDLE       ; clk          ; clk         ; 0.000        ; 0.439      ; 1.373      ;
; 0.764 ; state.STOP      ; state.DATA       ; clk          ; clk         ; 0.000        ; 0.439      ; 1.374      ;
; 0.789 ; shift_reg[2]    ; data_out[2]~reg0 ; clk          ; clk         ; 0.000        ; 0.096      ; 1.056      ;
; 0.812 ; clock_count[9]  ; clock_count[15]  ; clk          ; clk         ; 0.000        ; 0.469      ; 1.452      ;
; 0.821 ; clock_count[1]  ; clock_count[8]   ; clk          ; clk         ; 0.000        ; 0.469      ; 1.461      ;
; 0.823 ; clock_count[7]  ; clock_count[14]  ; clk          ; clk         ; 0.000        ; 0.469      ; 1.463      ;
; 0.833 ; clock_count[6]  ; clock_count[14]  ; clk          ; clk         ; 0.000        ; 0.469      ; 1.473      ;
; 0.835 ; clock_count[0]  ; clock_count[8]   ; clk          ; clk         ; 0.000        ; 0.469      ; 1.475      ;
; 0.841 ; state.STOP      ; bit_index[1]     ; clk          ; clk         ; 0.000        ; 0.073      ; 1.085      ;
; 0.866 ; bit_index[2]    ; shift_reg[2]     ; clk          ; clk         ; 0.000        ; 0.472      ; 1.509      ;
; 0.868 ; bit_index[2]    ; shift_reg[3]     ; clk          ; clk         ; 0.000        ; 0.472      ; 1.511      ;
; 0.869 ; bit_index[2]    ; shift_reg[0]     ; clk          ; clk         ; 0.000        ; 0.472      ; 1.512      ;
; 0.876 ; clock_count[14] ; clock_count[15]  ; clk          ; clk         ; 0.000        ; 0.088      ; 1.135      ;
; 0.879 ; bit_index[2]    ; shift_reg[4]     ; clk          ; clk         ; 0.000        ; 0.472      ; 1.522      ;
; 0.881 ; bit_index[2]    ; shift_reg[5]     ; clk          ; clk         ; 0.000        ; 0.472      ; 1.524      ;
; 0.882 ; bit_index[2]    ; shift_reg[7]     ; clk          ; clk         ; 0.000        ; 0.472      ; 1.525      ;
; 0.885 ; clock_count[5]  ; clock_count[6]   ; clk          ; clk         ; 0.000        ; 0.072      ; 1.128      ;
; 0.885 ; clock_count[3]  ; clock_count[4]   ; clk          ; clk         ; 0.000        ; 0.072      ; 1.128      ;
; 0.886 ; clock_count[11] ; clock_count[12]  ; clk          ; clk         ; 0.000        ; 0.072      ; 1.129      ;
; 0.888 ; clock_count[1]  ; clock_count[2]   ; clk          ; clk         ; 0.000        ; 0.072      ; 1.131      ;
; 0.889 ; clock_count[6]  ; clock_count[7]   ; clk          ; clk         ; 0.000        ; 0.072      ; 1.132      ;
; 0.890 ; clock_count[9]  ; clock_count[10]  ; clk          ; clk         ; 0.000        ; 0.072      ; 1.133      ;
; 0.891 ; clock_count[0]  ; clock_count[1]   ; clk          ; clk         ; 0.000        ; 0.072      ; 1.134      ;
; 0.892 ; clock_count[2]  ; clock_count[3]   ; clk          ; clk         ; 0.000        ; 0.072      ; 1.135      ;
; 0.892 ; clock_count[4]  ; clock_count[5]   ; clk          ; clk         ; 0.000        ; 0.072      ; 1.135      ;
; 0.893 ; clock_count[12] ; clock_count[13]  ; clk          ; clk         ; 0.000        ; 0.072      ; 1.136      ;
; 0.893 ; clock_count[10] ; clock_count[11]  ; clk          ; clk         ; 0.000        ; 0.072      ; 1.136      ;
; 0.902 ; clock_count[0]  ; clock_count[2]   ; clk          ; clk         ; 0.000        ; 0.072      ; 1.145      ;
; 0.903 ; clock_count[4]  ; clock_count[6]   ; clk          ; clk         ; 0.000        ; 0.072      ; 1.146      ;
; 0.903 ; clock_count[2]  ; clock_count[4]   ; clk          ; clk         ; 0.000        ; 0.072      ; 1.146      ;
; 0.904 ; clock_count[10] ; clock_count[12]  ; clk          ; clk         ; 0.000        ; 0.072      ; 1.147      ;
; 0.920 ; bit_index[0]    ; shift_reg[5]     ; clk          ; clk         ; 0.000        ; 0.471      ; 1.562      ;
; 0.922 ; clock_count[7]  ; clock_count[15]  ; clk          ; clk         ; 0.000        ; 0.469      ; 1.562      ;
; 0.928 ; clock_count[5]  ; clock_count[14]  ; clk          ; clk         ; 0.000        ; 0.469      ; 1.568      ;
; 0.929 ; bit_index[0]    ; shift_reg[7]     ; clk          ; clk         ; 0.000        ; 0.471      ; 1.571      ;
; 0.931 ; bit_index[0]    ; shift_reg[3]     ; clk          ; clk         ; 0.000        ; 0.471      ; 1.573      ;
; 0.932 ; clock_count[6]  ; clock_count[15]  ; clk          ; clk         ; 0.000        ; 0.469      ; 1.572      ;
; 0.938 ; bit_index[0]    ; shift_reg[0]     ; clk          ; clk         ; 0.000        ; 0.471      ; 1.580      ;
; 0.944 ; bit_index[1]    ; shift_reg[7]     ; clk          ; clk         ; 0.000        ; 0.471      ; 1.586      ;
; 0.945 ; bit_index[1]    ; shift_reg[3]     ; clk          ; clk         ; 0.000        ; 0.471      ; 1.587      ;
; 0.945 ; bit_index[0]    ; shift_reg[4]     ; clk          ; clk         ; 0.000        ; 0.471      ; 1.587      ;
; 0.946 ; clock_count[4]  ; clock_count[14]  ; clk          ; clk         ; 0.000        ; 0.469      ; 1.586      ;
; 0.954 ; bit_index[1]    ; shift_reg[2]     ; clk          ; clk         ; 0.000        ; 0.471      ; 1.596      ;
; 0.961 ; bit_index[1]    ; shift_reg[4]     ; clk          ; clk         ; 0.000        ; 0.471      ; 1.603      ;
; 0.963 ; bit_index[0]    ; shift_reg[2]     ; clk          ; clk         ; 0.000        ; 0.471      ; 1.605      ;
; 0.970 ; bit_index[1]    ; shift_reg[0]     ; clk          ; clk         ; 0.000        ; 0.471      ; 1.612      ;
+-------+-----------------+------------------+--------------+-------------+--------------+------------+------------+


----------------------------------------------
; Slow 1200mV 0C Model Metastability Summary ;
----------------------------------------------
No synchronizer chains to report.


+------------------------------------+
; Fast 1200mV 0C Model Setup Summary ;
+-------+--------+-------------------+
; Clock ; Slack  ; End Point TNS     ;
+-------+--------+-------------------+
; clk   ; -0.926 ; -28.911           ;
+-------+--------+-------------------+


+-----------------------------------+
; Fast 1200mV 0C Model Hold Summary ;
+-------+-------+-------------------+
; Clock ; Slack ; End Point TNS     ;
+-------+-------+-------------------+
; clk   ; 0.173 ; 0.000             ;
+-------+-------+-------------------+


-----------------------------------------
; Fast 1200mV 0C Model Recovery Summary ;
-----------------------------------------
No paths to report.


----------------------------------------
; Fast 1200mV 0C Model Removal Summary ;
----------------------------------------
No paths to report.


+--------------------------------------------------+
; Fast 1200mV 0C Model Minimum Pulse Width Summary ;
+-------+--------+---------------------------------+
; Clock ; Slack  ; End Point TNS                   ;
+-------+--------+---------------------------------+
; clk   ; -3.000 ; -45.939                         ;
+-------+--------+---------------------------------+


+------------------------------------------------------------------------------------------------------------------+
; Fast 1200mV 0C Model Setup: 'clk'                                                                                ;
+--------+-----------------+-----------------+--------------+-------------+--------------+------------+------------+
; Slack  ; From Node       ; To Node         ; Launch Clock ; Latch Clock ; Relationship ; Clock Skew ; Data Delay ;
+--------+-----------------+-----------------+--------------+-------------+--------------+------------+------------+
; -0.926 ; clock_count[4]  ; state.START     ; clk          ; clk         ; 1.000        ; -0.042     ; 1.871      ;
; -0.922 ; clock_count[8]  ; state.START     ; clk          ; clk         ; 1.000        ; -0.245     ; 1.664      ;
; -0.905 ; clock_count[4]  ; clock_count[9]  ; clk          ; clk         ; 1.000        ; -0.042     ; 1.850      ;
; -0.905 ; clock_count[4]  ; clock_count[0]  ; clk          ; clk         ; 1.000        ; -0.042     ; 1.850      ;
; -0.905 ; clock_count[4]  ; clock_count[1]  ; clk          ; clk         ; 1.000        ; -0.042     ; 1.850      ;
; -0.905 ; clock_count[4]  ; clock_count[2]  ; clk          ; clk         ; 1.000        ; -0.042     ; 1.850      ;
; -0.905 ; clock_count[4]  ; clock_count[3]  ; clk          ; clk         ; 1.000        ; -0.042     ; 1.850      ;
; -0.905 ; clock_count[4]  ; clock_count[4]  ; clk          ; clk         ; 1.000        ; -0.042     ; 1.850      ;
; -0.905 ; clock_count[4]  ; clock_count[5]  ; clk          ; clk         ; 1.000        ; -0.042     ; 1.850      ;
; -0.905 ; clock_count[4]  ; clock_count[6]  ; clk          ; clk         ; 1.000        ; -0.042     ; 1.850      ;
; -0.905 ; clock_count[4]  ; clock_count[7]  ; clk          ; clk         ; 1.000        ; -0.042     ; 1.850      ;
; -0.905 ; clock_count[4]  ; clock_count[11] ; clk          ; clk         ; 1.000        ; -0.042     ; 1.850      ;
; -0.905 ; clock_count[4]  ; clock_count[10] ; clk          ; clk         ; 1.000        ; -0.042     ; 1.850      ;
; -0.905 ; clock_count[4]  ; clock_count[12] ; clk          ; clk         ; 1.000        ; -0.042     ; 1.850      ;
; -0.905 ; clock_count[4]  ; clock_count[13] ; clk          ; clk         ; 1.000        ; -0.042     ; 1.850      ;
; -0.901 ; clock_count[8]  ; clock_count[9]  ; clk          ; clk         ; 1.000        ; -0.245     ; 1.643      ;
; -0.901 ; clock_count[8]  ; clock_count[0]  ; clk          ; clk         ; 1.000        ; -0.245     ; 1.643      ;
; -0.901 ; clock_count[8]  ; clock_count[1]  ; clk          ; clk         ; 1.000        ; -0.245     ; 1.643      ;
; -0.901 ; clock_count[8]  ; clock_count[2]  ; clk          ; clk         ; 1.000        ; -0.245     ; 1.643      ;
; -0.901 ; clock_count[8]  ; clock_count[3]  ; clk          ; clk         ; 1.000        ; -0.245     ; 1.643      ;
; -0.901 ; clock_count[8]  ; clock_count[4]  ; clk          ; clk         ; 1.000        ; -0.245     ; 1.643      ;
; -0.901 ; clock_count[8]  ; clock_count[5]  ; clk          ; clk         ; 1.000        ; -0.245     ; 1.643      ;
; -0.901 ; clock_count[8]  ; clock_count[6]  ; clk          ; clk         ; 1.000        ; -0.245     ; 1.643      ;
; -0.901 ; clock_count[8]  ; clock_count[7]  ; clk          ; clk         ; 1.000        ; -0.245     ; 1.643      ;
; -0.901 ; clock_count[8]  ; clock_count[11] ; clk          ; clk         ; 1.000        ; -0.245     ; 1.643      ;
; -0.901 ; clock_count[8]  ; clock_count[10] ; clk          ; clk         ; 1.000        ; -0.245     ; 1.643      ;
; -0.901 ; clock_count[8]  ; clock_count[12] ; clk          ; clk         ; 1.000        ; -0.245     ; 1.643      ;
; -0.901 ; clock_count[8]  ; clock_count[13] ; clk          ; clk         ; 1.000        ; -0.245     ; 1.643      ;
; -0.900 ; clock_count[2]  ; state.START     ; clk          ; clk         ; 1.000        ; -0.042     ; 1.845      ;
; -0.888 ; clock_count[2]  ; clock_count[9]  ; clk          ; clk         ; 1.000        ; -0.042     ; 1.833      ;
; -0.888 ; clock_count[2]  ; clock_count[0]  ; clk          ; clk         ; 1.000        ; -0.042     ; 1.833      ;
; -0.888 ; clock_count[2]  ; clock_count[1]  ; clk          ; clk         ; 1.000        ; -0.042     ; 1.833      ;
; -0.888 ; clock_count[2]  ; clock_count[2]  ; clk          ; clk         ; 1.000        ; -0.042     ; 1.833      ;
; -0.888 ; clock_count[2]  ; clock_count[3]  ; clk          ; clk         ; 1.000        ; -0.042     ; 1.833      ;
; -0.888 ; clock_count[2]  ; clock_count[4]  ; clk          ; clk         ; 1.000        ; -0.042     ; 1.833      ;
; -0.888 ; clock_count[2]  ; clock_count[5]  ; clk          ; clk         ; 1.000        ; -0.042     ; 1.833      ;
; -0.888 ; clock_count[2]  ; clock_count[6]  ; clk          ; clk         ; 1.000        ; -0.042     ; 1.833      ;
; -0.888 ; clock_count[2]  ; clock_count[7]  ; clk          ; clk         ; 1.000        ; -0.042     ; 1.833      ;
; -0.888 ; clock_count[2]  ; clock_count[11] ; clk          ; clk         ; 1.000        ; -0.042     ; 1.833      ;
; -0.888 ; clock_count[2]  ; clock_count[10] ; clk          ; clk         ; 1.000        ; -0.042     ; 1.833      ;
; -0.888 ; clock_count[2]  ; clock_count[12] ; clk          ; clk         ; 1.000        ; -0.042     ; 1.833      ;
; -0.888 ; clock_count[2]  ; clock_count[13] ; clk          ; clk         ; 1.000        ; -0.042     ; 1.833      ;
; -0.887 ; clock_count[4]  ; state.DATA      ; clk          ; clk         ; 1.000        ; 0.141      ; 2.015      ;
; -0.887 ; clock_count[4]  ; state.IDLE      ; clk          ; clk         ; 1.000        ; 0.141      ; 2.015      ;
; -0.883 ; clock_count[8]  ; state.DATA      ; clk          ; clk         ; 1.000        ; -0.062     ; 1.808      ;
; -0.883 ; clock_count[8]  ; state.IDLE      ; clk          ; clk         ; 1.000        ; -0.062     ; 1.808      ;
; -0.881 ; clock_count[11] ; state.START     ; clk          ; clk         ; 1.000        ; -0.042     ; 1.826      ;
; -0.878 ; clock_count[6]  ; state.START     ; clk          ; clk         ; 1.000        ; -0.042     ; 1.823      ;
; -0.876 ; clock_count[15] ; clock_count[9]  ; clk          ; clk         ; 1.000        ; -0.245     ; 1.618      ;
; -0.876 ; clock_count[15] ; clock_count[0]  ; clk          ; clk         ; 1.000        ; -0.245     ; 1.618      ;
; -0.876 ; clock_count[15] ; clock_count[1]  ; clk          ; clk         ; 1.000        ; -0.245     ; 1.618      ;
; -0.876 ; clock_count[15] ; clock_count[2]  ; clk          ; clk         ; 1.000        ; -0.245     ; 1.618      ;
; -0.876 ; clock_count[15] ; clock_count[3]  ; clk          ; clk         ; 1.000        ; -0.245     ; 1.618      ;
; -0.876 ; clock_count[15] ; clock_count[4]  ; clk          ; clk         ; 1.000        ; -0.245     ; 1.618      ;
; -0.876 ; clock_count[15] ; clock_count[5]  ; clk          ; clk         ; 1.000        ; -0.245     ; 1.618      ;
; -0.876 ; clock_count[15] ; clock_count[6]  ; clk          ; clk         ; 1.000        ; -0.245     ; 1.618      ;
; -0.876 ; clock_count[15] ; clock_count[7]  ; clk          ; clk         ; 1.000        ; -0.245     ; 1.618      ;
; -0.876 ; clock_count[15] ; clock_count[11] ; clk          ; clk         ; 1.000        ; -0.245     ; 1.618      ;
; -0.876 ; clock_count[15] ; clock_count[10] ; clk          ; clk         ; 1.000        ; -0.245     ; 1.618      ;
; -0.876 ; clock_count[15] ; clock_count[12] ; clk          ; clk         ; 1.000        ; -0.245     ; 1.618      ;
; -0.876 ; clock_count[15] ; clock_count[13] ; clk          ; clk         ; 1.000        ; -0.245     ; 1.618      ;
; -0.870 ; clock_count[13] ; clock_count[9]  ; clk          ; clk         ; 1.000        ; -0.042     ; 1.815      ;
; -0.870 ; clock_count[13] ; clock_count[0]  ; clk          ; clk         ; 1.000        ; -0.042     ; 1.815      ;
; -0.870 ; clock_count[13] ; clock_count[1]  ; clk          ; clk         ; 1.000        ; -0.042     ; 1.815      ;
; -0.870 ; clock_count[13] ; clock_count[2]  ; clk          ; clk         ; 1.000        ; -0.042     ; 1.815      ;
; -0.870 ; clock_count[13] ; clock_count[3]  ; clk          ; clk         ; 1.000        ; -0.042     ; 1.815      ;
; -0.870 ; clock_count[13] ; clock_count[4]  ; clk          ; clk         ; 1.000        ; -0.042     ; 1.815      ;
; -0.870 ; clock_count[13] ; clock_count[5]  ; clk          ; clk         ; 1.000        ; -0.042     ; 1.815      ;
; -0.870 ; clock_count[13] ; clock_count[6]  ; clk          ; clk         ; 1.000        ; -0.042     ; 1.815      ;
; -0.870 ; clock_count[13] ; clock_count[7]  ; clk          ; clk         ; 1.000        ; -0.042     ; 1.815      ;
; -0.870 ; clock_count[13] ; clock_count[11] ; clk          ; clk         ; 1.000        ; -0.042     ; 1.815      ;
; -0.870 ; clock_count[13] ; clock_count[10] ; clk          ; clk         ; 1.000        ; -0.042     ; 1.815      ;
; -0.870 ; clock_count[13] ; clock_count[12] ; clk          ; clk         ; 1.000        ; -0.042     ; 1.815      ;
; -0.870 ; clock_count[13] ; clock_count[13] ; clk          ; clk         ; 1.000        ; -0.042     ; 1.815      ;
; -0.866 ; clock_count[15] ; state.START     ; clk          ; clk         ; 1.000        ; -0.245     ; 1.608      ;
; -0.866 ; clock_count[11] ; clock_count[9]  ; clk          ; clk         ; 1.000        ; -0.042     ; 1.811      ;
; -0.866 ; clock_count[11] ; clock_count[0]  ; clk          ; clk         ; 1.000        ; -0.042     ; 1.811      ;
; -0.866 ; clock_count[11] ; clock_count[1]  ; clk          ; clk         ; 1.000        ; -0.042     ; 1.811      ;
; -0.866 ; clock_count[11] ; clock_count[2]  ; clk          ; clk         ; 1.000        ; -0.042     ; 1.811      ;
; -0.866 ; clock_count[11] ; clock_count[3]  ; clk          ; clk         ; 1.000        ; -0.042     ; 1.811      ;
; -0.866 ; clock_count[11] ; clock_count[4]  ; clk          ; clk         ; 1.000        ; -0.042     ; 1.811      ;
; -0.866 ; clock_count[11] ; clock_count[5]  ; clk          ; clk         ; 1.000        ; -0.042     ; 1.811      ;
; -0.866 ; clock_count[11] ; clock_count[6]  ; clk          ; clk         ; 1.000        ; -0.042     ; 1.811      ;
; -0.866 ; clock_count[11] ; clock_count[7]  ; clk          ; clk         ; 1.000        ; -0.042     ; 1.811      ;
; -0.866 ; clock_count[11] ; clock_count[11] ; clk          ; clk         ; 1.000        ; -0.042     ; 1.811      ;
; -0.866 ; clock_count[11] ; clock_count[10] ; clk          ; clk         ; 1.000        ; -0.042     ; 1.811      ;
; -0.866 ; clock_count[11] ; clock_count[12] ; clk          ; clk         ; 1.000        ; -0.042     ; 1.811      ;
; -0.866 ; clock_count[11] ; clock_count[13] ; clk          ; clk         ; 1.000        ; -0.042     ; 1.811      ;
; -0.864 ; clock_count[0]  ; state.START     ; clk          ; clk         ; 1.000        ; -0.042     ; 1.809      ;
; -0.863 ; clock_count[7]  ; state.START     ; clk          ; clk         ; 1.000        ; -0.042     ; 1.808      ;
; -0.862 ; clock_count[10] ; state.START     ; clk          ; clk         ; 1.000        ; -0.042     ; 1.807      ;
; -0.861 ; clock_count[2]  ; state.DATA      ; clk          ; clk         ; 1.000        ; 0.141      ; 1.989      ;
; -0.861 ; clock_count[2]  ; state.IDLE      ; clk          ; clk         ; 1.000        ; 0.141      ; 1.989      ;
; -0.856 ; clock_count[10] ; clock_count[9]  ; clk          ; clk         ; 1.000        ; -0.042     ; 1.801      ;
; -0.856 ; clock_count[10] ; clock_count[0]  ; clk          ; clk         ; 1.000        ; -0.042     ; 1.801      ;
; -0.856 ; clock_count[10] ; clock_count[1]  ; clk          ; clk         ; 1.000        ; -0.042     ; 1.801      ;
; -0.856 ; clock_count[10] ; clock_count[2]  ; clk          ; clk         ; 1.000        ; -0.042     ; 1.801      ;
; -0.856 ; clock_count[10] ; clock_count[3]  ; clk          ; clk         ; 1.000        ; -0.042     ; 1.801      ;
; -0.856 ; clock_count[10] ; clock_count[4]  ; clk          ; clk         ; 1.000        ; -0.042     ; 1.801      ;
; -0.856 ; clock_count[10] ; clock_count[5]  ; clk          ; clk         ; 1.000        ; -0.042     ; 1.801      ;
+--------+-----------------+-----------------+--------------+-------------+--------------+------------+------------+


+------------------------------------------------------------------------------------------------------------------+
; Fast 1200mV 0C Model Hold: 'clk'                                                                                 ;
+-------+-----------------+------------------+--------------+-------------+--------------+------------+------------+
; Slack ; From Node       ; To Node          ; Launch Clock ; Latch Clock ; Relationship ; Clock Skew ; Data Delay ;
+-------+-----------------+------------------+--------------+-------------+--------------+------------+------------+
; 0.173 ; shift_reg[7]    ; shift_reg[7]     ; clk          ; clk         ; 0.000        ; 0.050      ; 0.307      ;
; 0.173 ; shift_reg[6]    ; shift_reg[6]     ; clk          ; clk         ; 0.000        ; 0.050      ; 0.307      ;
; 0.173 ; shift_reg[5]    ; shift_reg[5]     ; clk          ; clk         ; 0.000        ; 0.050      ; 0.307      ;
; 0.173 ; shift_reg[4]    ; shift_reg[4]     ; clk          ; clk         ; 0.000        ; 0.050      ; 0.307      ;
; 0.173 ; shift_reg[3]    ; shift_reg[3]     ; clk          ; clk         ; 0.000        ; 0.050      ; 0.307      ;
; 0.173 ; shift_reg[2]    ; shift_reg[2]     ; clk          ; clk         ; 0.000        ; 0.050      ; 0.307      ;
; 0.173 ; shift_reg[1]    ; shift_reg[1]     ; clk          ; clk         ; 0.000        ; 0.050      ; 0.307      ;
; 0.173 ; shift_reg[0]    ; shift_reg[0]     ; clk          ; clk         ; 0.000        ; 0.050      ; 0.307      ;
; 0.181 ; bit_index[2]    ; bit_index[2]     ; clk          ; clk         ; 0.000        ; 0.042      ; 0.307      ;
; 0.181 ; state.STOP      ; state.STOP       ; clk          ; clk         ; 0.000        ; 0.042      ; 0.307      ;
; 0.181 ; state.START     ; state.START      ; clk          ; clk         ; 0.000        ; 0.042      ; 0.307      ;
; 0.181 ; bit_index[0]    ; bit_index[0]     ; clk          ; clk         ; 0.000        ; 0.042      ; 0.307      ;
; 0.181 ; bit_index[1]    ; bit_index[1]     ; clk          ; clk         ; 0.000        ; 0.042      ; 0.307      ;
; 0.204 ; state.START     ; bit_index[2]     ; clk          ; clk         ; 0.000        ; 0.042      ; 0.330      ;
; 0.245 ; clock_count[13] ; clock_count[14]  ; clk          ; clk         ; 0.000        ; 0.245      ; 0.574      ;
; 0.246 ; clock_count[7]  ; clock_count[8]   ; clk          ; clk         ; 0.000        ; 0.245      ; 0.575      ;
; 0.258 ; clock_count[6]  ; clock_count[8]   ; clk          ; clk         ; 0.000        ; 0.245      ; 0.587      ;
; 0.260 ; clock_count[12] ; clock_count[14]  ; clk          ; clk         ; 0.000        ; 0.245      ; 0.589      ;
; 0.274 ; state.START     ; bit_index[1]     ; clk          ; clk         ; 0.000        ; 0.043      ; 0.401      ;
; 0.289 ; shift_reg[6]    ; data_out[6]~reg0 ; clk          ; clk         ; 0.000        ; 0.065      ; 0.438      ;
; 0.290 ; clock_count[15] ; clock_count[15]  ; clk          ; clk         ; 0.000        ; 0.050      ; 0.424      ;
; 0.293 ; clock_count[14] ; clock_count[14]  ; clk          ; clk         ; 0.000        ; 0.050      ; 0.427      ;
; 0.299 ; clock_count[1]  ; clock_count[1]   ; clk          ; clk         ; 0.000        ; 0.042      ; 0.425      ;
; 0.299 ; clock_count[3]  ; clock_count[3]   ; clk          ; clk         ; 0.000        ; 0.042      ; 0.425      ;
; 0.299 ; clock_count[5]  ; clock_count[5]   ; clk          ; clk         ; 0.000        ; 0.042      ; 0.425      ;
; 0.299 ; clock_count[11] ; clock_count[11]  ; clk          ; clk         ; 0.000        ; 0.042      ; 0.425      ;
; 0.299 ; clock_count[13] ; clock_count[13]  ; clk          ; clk         ; 0.000        ; 0.042      ; 0.425      ;
; 0.300 ; shift_reg[7]    ; data_out[7]~reg0 ; clk          ; clk         ; 0.000        ; 0.055      ; 0.439      ;
; 0.300 ; clock_count[9]  ; clock_count[9]   ; clk          ; clk         ; 0.000        ; 0.042      ; 0.426      ;
; 0.300 ; clock_count[6]  ; clock_count[6]   ; clk          ; clk         ; 0.000        ; 0.042      ; 0.426      ;
; 0.300 ; clock_count[7]  ; clock_count[7]   ; clk          ; clk         ; 0.000        ; 0.042      ; 0.426      ;
; 0.301 ; clock_count[2]  ; clock_count[2]   ; clk          ; clk         ; 0.000        ; 0.042      ; 0.427      ;
; 0.301 ; clock_count[4]  ; clock_count[4]   ; clk          ; clk         ; 0.000        ; 0.042      ; 0.427      ;
; 0.302 ; clock_count[10] ; clock_count[10]  ; clk          ; clk         ; 0.000        ; 0.042      ; 0.428      ;
; 0.302 ; clock_count[12] ; clock_count[12]  ; clk          ; clk         ; 0.000        ; 0.042      ; 0.428      ;
; 0.305 ; clock_count[8]  ; clock_count[8]   ; clk          ; clk         ; 0.000        ; 0.050      ; 0.439      ;
; 0.308 ; clock_count[13] ; clock_count[15]  ; clk          ; clk         ; 0.000        ; 0.245      ; 0.637      ;
; 0.310 ; shift_reg[3]    ; data_out[3]~reg0 ; clk          ; clk         ; 0.000        ; 0.055      ; 0.449      ;
; 0.311 ; clock_count[0]  ; clock_count[0]   ; clk          ; clk         ; 0.000        ; 0.042      ; 0.437      ;
; 0.311 ; clock_count[5]  ; clock_count[8]   ; clk          ; clk         ; 0.000        ; 0.245      ; 0.640      ;
; 0.311 ; clock_count[11] ; clock_count[14]  ; clk          ; clk         ; 0.000        ; 0.245      ; 0.640      ;
; 0.313 ; shift_reg[0]    ; data_out[0]~reg0 ; clk          ; clk         ; 0.000        ; 0.055      ; 0.452      ;
; 0.320 ; state.STOP      ; data_valid~reg0  ; clk          ; clk         ; 0.000        ; 0.041      ; 0.445      ;
; 0.323 ; clock_count[12] ; clock_count[15]  ; clk          ; clk         ; 0.000        ; 0.245      ; 0.652      ;
; 0.325 ; clock_count[4]  ; clock_count[8]   ; clk          ; clk         ; 0.000        ; 0.245      ; 0.654      ;
; 0.326 ; clock_count[10] ; clock_count[14]  ; clk          ; clk         ; 0.000        ; 0.245      ; 0.655      ;
; 0.360 ; shift_reg[1]    ; data_out[1]~reg0 ; clk          ; clk         ; 0.000        ; 0.055      ; 0.499      ;
; 0.361 ; shift_reg[4]    ; data_out[4]~reg0 ; clk          ; clk         ; 0.000        ; 0.055      ; 0.500      ;
; 0.365 ; shift_reg[5]    ; data_out[5]~reg0 ; clk          ; clk         ; 0.000        ; 0.055      ; 0.504      ;
; 0.369 ; state.STOP      ; state.DATA       ; clk          ; clk         ; 0.000        ; 0.231      ; 0.684      ;
; 0.369 ; state.STOP      ; state.IDLE       ; clk          ; clk         ; 0.000        ; 0.231      ; 0.684      ;
; 0.374 ; clock_count[11] ; clock_count[15]  ; clk          ; clk         ; 0.000        ; 0.245      ; 0.703      ;
; 0.377 ; clock_count[3]  ; clock_count[8]   ; clk          ; clk         ; 0.000        ; 0.245      ; 0.706      ;
; 0.378 ; clock_count[9]  ; clock_count[14]  ; clk          ; clk         ; 0.000        ; 0.245      ; 0.707      ;
; 0.379 ; shift_reg[2]    ; data_out[2]~reg0 ; clk          ; clk         ; 0.000        ; 0.055      ; 0.518      ;
; 0.389 ; clock_count[10] ; clock_count[15]  ; clk          ; clk         ; 0.000        ; 0.245      ; 0.718      ;
; 0.391 ; clock_count[2]  ; clock_count[8]   ; clk          ; clk         ; 0.000        ; 0.245      ; 0.720      ;
; 0.412 ; state.STOP      ; bit_index[1]     ; clk          ; clk         ; 0.000        ; 0.042      ; 0.538      ;
; 0.418 ; bit_index[2]    ; shift_reg[4]     ; clk          ; clk         ; 0.000        ; 0.246      ; 0.748      ;
; 0.420 ; bit_index[2]    ; shift_reg[5]     ; clk          ; clk         ; 0.000        ; 0.246      ; 0.750      ;
; 0.421 ; bit_index[2]    ; shift_reg[7]     ; clk          ; clk         ; 0.000        ; 0.246      ; 0.751      ;
; 0.434 ; bit_index[2]    ; shift_reg[2]     ; clk          ; clk         ; 0.000        ; 0.246      ; 0.764      ;
; 0.436 ; bit_index[2]    ; shift_reg[3]     ; clk          ; clk         ; 0.000        ; 0.246      ; 0.766      ;
; 0.437 ; bit_index[2]    ; shift_reg[0]     ; clk          ; clk         ; 0.000        ; 0.246      ; 0.767      ;
; 0.441 ; clock_count[9]  ; clock_count[15]  ; clk          ; clk         ; 0.000        ; 0.245      ; 0.770      ;
; 0.443 ; clock_count[1]  ; clock_count[8]   ; clk          ; clk         ; 0.000        ; 0.245      ; 0.772      ;
; 0.444 ; clock_count[7]  ; clock_count[14]  ; clk          ; clk         ; 0.000        ; 0.245      ; 0.773      ;
; 0.448 ; clock_count[5]  ; clock_count[6]   ; clk          ; clk         ; 0.000        ; 0.042      ; 0.574      ;
; 0.448 ; clock_count[1]  ; clock_count[2]   ; clk          ; clk         ; 0.000        ; 0.042      ; 0.574      ;
; 0.448 ; clock_count[3]  ; clock_count[4]   ; clk          ; clk         ; 0.000        ; 0.042      ; 0.574      ;
; 0.448 ; clock_count[11] ; clock_count[12]  ; clk          ; clk         ; 0.000        ; 0.042      ; 0.574      ;
; 0.449 ; clock_count[9]  ; clock_count[10]  ; clk          ; clk         ; 0.000        ; 0.042      ; 0.575      ;
; 0.449 ; bit_index[0]    ; shift_reg[7]     ; clk          ; clk         ; 0.000        ; 0.245      ; 0.778      ;
; 0.451 ; bit_index[0]    ; shift_reg[3]     ; clk          ; clk         ; 0.000        ; 0.245      ; 0.780      ;
; 0.451 ; clock_count[14] ; clock_count[15]  ; clk          ; clk         ; 0.000        ; 0.050      ; 0.585      ;
; 0.456 ; clock_count[0]  ; clock_count[8]   ; clk          ; clk         ; 0.000        ; 0.245      ; 0.785      ;
; 0.456 ; clock_count[6]  ; clock_count[14]  ; clk          ; clk         ; 0.000        ; 0.245      ; 0.785      ;
; 0.457 ; bit_index[0]    ; shift_reg[5]     ; clk          ; clk         ; 0.000        ; 0.245      ; 0.786      ;
; 0.458 ; clock_count[0]  ; clock_count[1]   ; clk          ; clk         ; 0.000        ; 0.042      ; 0.584      ;
; 0.458 ; clock_count[6]  ; clock_count[7]   ; clk          ; clk         ; 0.000        ; 0.042      ; 0.584      ;
; 0.458 ; bit_index[1]    ; shift_reg[7]     ; clk          ; clk         ; 0.000        ; 0.245      ; 0.787      ;
; 0.459 ; clock_count[2]  ; clock_count[3]   ; clk          ; clk         ; 0.000        ; 0.042      ; 0.585      ;
; 0.459 ; clock_count[4]  ; clock_count[5]   ; clk          ; clk         ; 0.000        ; 0.042      ; 0.585      ;
; 0.459 ; bit_index[1]    ; shift_reg[3]     ; clk          ; clk         ; 0.000        ; 0.245      ; 0.788      ;
; 0.460 ; clock_count[10] ; clock_count[11]  ; clk          ; clk         ; 0.000        ; 0.042      ; 0.586      ;
; 0.460 ; clock_count[12] ; clock_count[13]  ; clk          ; clk         ; 0.000        ; 0.042      ; 0.586      ;
; 0.461 ; clock_count[0]  ; clock_count[2]   ; clk          ; clk         ; 0.000        ; 0.042      ; 0.587      ;
; 0.462 ; clock_count[4]  ; clock_count[6]   ; clk          ; clk         ; 0.000        ; 0.042      ; 0.588      ;
; 0.462 ; clock_count[2]  ; clock_count[4]   ; clk          ; clk         ; 0.000        ; 0.042      ; 0.588      ;
; 0.463 ; clock_count[10] ; clock_count[12]  ; clk          ; clk         ; 0.000        ; 0.042      ; 0.589      ;
; 0.464 ; bit_index[1]    ; shift_reg[2]     ; clk          ; clk         ; 0.000        ; 0.245      ; 0.793      ;
; 0.475 ; bit_index[0]    ; shift_reg[0]     ; clk          ; clk         ; 0.000        ; 0.245      ; 0.804      ;
; 0.478 ; bit_index[1]    ; shift_reg[4]     ; clk          ; clk         ; 0.000        ; 0.245      ; 0.807      ;
; 0.480 ; bit_index[0]    ; shift_reg[4]     ; clk          ; clk         ; 0.000        ; 0.245      ; 0.809      ;
; 0.485 ; bit_index[0]    ; shift_reg[2]     ; clk          ; clk         ; 0.000        ; 0.245      ; 0.814      ;
; 0.486 ; bit_index[1]    ; shift_reg[0]     ; clk          ; clk         ; 0.000        ; 0.245      ; 0.815      ;
; 0.496 ; bit_index[1]    ; shift_reg[5]     ; clk          ; clk         ; 0.000        ; 0.245      ; 0.825      ;
; 0.503 ; bit_index[2]    ; shift_reg[6]     ; clk          ; clk         ; 0.000        ; 0.236      ; 0.823      ;
; 0.504 ; bit_index[2]    ; shift_reg[1]     ; clk          ; clk         ; 0.000        ; 0.246      ; 0.834      ;
; 0.507 ; clock_count[7]  ; clock_count[15]  ; clk          ; clk         ; 0.000        ; 0.245      ; 0.836      ;
+-------+-----------------+------------------+--------------+-------------+--------------+------------+------------+


----------------------------------------------
; Fast 1200mV 0C Model Metastability Summary ;
----------------------------------------------
No synchronizer chains to report.


+--------------------------------------------------------------------------------+
; Multicorner Timing Analysis Summary                                            ;
+------------------+----------+-------+----------+---------+---------------------+
; Clock            ; Setup    ; Hold  ; Recovery ; Removal ; Minimum Pulse Width ;
+------------------+----------+-------+----------+---------+---------------------+
; Worst-case Slack ; -2.994   ; 0.173 ; N/A      ; N/A     ; -3.000              ;
;  clk             ; -2.994   ; 0.173 ; N/A      ; N/A     ; -3.000              ;
; Design-wide TNS  ; -102.213 ; 0.0   ; 0.0      ; 0.0     ; -54.4               ;
;  clk             ; -102.213 ; 0.000 ; N/A      ; N/A     ; -54.400             ;
+------------------+----------+-------+----------+---------+---------------------+


+------------------------------------------------------------------------------------------------------------------------------------------------------------------------------------------------------------------------------------------------------------------------------------------------------------------------------------------------------------------------------------------------------------------+
; Board Trace Model Assignments                                                                                                                                                                                                                                                                                                                                                                                    ;
+---------------+--------------+-------------------+-------------------------+-------------------------+---------------+---------------------+----------------+------------------+--------+------------------+------------------------+------------------------+--------------+---------------+-----------------+-------+---------------------+--------------------+---------------+-----------------+-------------+
; Pin           ; I/O Standard ; Near Tline Length ; Near Tline L per Length ; Near Tline C per Length ; Near Series R ; Near Differential R ; Near Pull-up R ; Near Pull-down R ; Near C ; Far Tline Length ; Far Tline L per Length ; Far Tline C per Length ; Far Series R ; Far Pull-up R ; Far Pull-down R ; Far C ; Termination Voltage ; Far Differential R ; EBD File Name ; EBD Signal Name ; EBD Far-end ;
+---------------+--------------+-------------------+-------------------------+-------------------------+---------------+---------------------+----------------+------------------+--------+------------------+------------------------+------------------------+--------------+---------------+-----------------+-------+---------------------+--------------------+---------------+-----------------+-------------+
; data_out[0]   ; 2.5 V        ; 0 in              ; 0 H/in                  ; 0 F/in                  ; short         ; -                   ; open           ; open             ; open   ; 0 in             ; 0 H/in                 ; 0 F/in                 ; short        ; open          ; open            ; open  ; 0 V                 ; -                  ; n/a           ; n/a             ; n/a         ;
; data_out[1]   ; 2.5 V        ; 0 in              ; 0 H/in                  ; 0 F/in                  ; short         ; -                   ; open           ; open             ; open   ; 0 in             ; 0 H/in                 ; 0 F/in                 ; short        ; open          ; open            ; open  ; 0 V                 ; -                  ; n/a           ; n/a             ; n/a         ;
; data_out[2]   ; 2.5 V        ; 0 in              ; 0 H/in                  ; 0 F/in                  ; short         ; -                   ; open           ; open             ; open   ; 0 in             ; 0 H/in                 ; 0 F/in                 ; short        ; open          ; open            ; open  ; 0 V                 ; -                  ; n/a           ; n/a             ; n/a         ;
; data_out[3]   ; 2.5 V        ; 0 in              ; 0 H/in                  ; 0 F/in                  ; short         ; -                   ; open           ; open             ; open   ; 0 in             ; 0 H/in                 ; 0 F/in                 ; short        ; open          ; open            ; open  ; 0 V                 ; -                  ; n/a           ; n/a             ; n/a         ;
; data_out[4]   ; 2.5 V        ; 0 in              ; 0 H/in                  ; 0 F/in                  ; short         ; -                   ; open           ; open             ; open   ; 0 in             ; 0 H/in                 ; 0 F/in                 ; short        ; open          ; open            ; open  ; 0 V                 ; -                  ; n/a           ; n/a             ; n/a         ;
; data_out[5]   ; 2.5 V        ; 0 in              ; 0 H/in                  ; 0 F/in                  ; short         ; -                   ; open           ; open             ; open   ; 0 in             ; 0 H/in                 ; 0 F/in                 ; short        ; open          ; open            ; open  ; 0 V                 ; -                  ; n/a           ; n/a             ; n/a         ;
; data_out[6]   ; 2.5 V        ; 0 in              ; 0 H/in                  ; 0 F/in                  ; short         ; -                   ; open           ; open             ; open   ; 0 in             ; 0 H/in                 ; 0 F/in                 ; short        ; open          ; open            ; open  ; 0 V                 ; -                  ; n/a           ; n/a             ; n/a         ;
; data_out[7]   ; 2.5 V        ; 0 in              ; 0 H/in                  ; 0 F/in                  ; short         ; -                   ; open           ; open             ; open   ; 0 in             ; 0 H/in                 ; 0 F/in                 ; short        ; open          ; open            ; open  ; 0 V                 ; -                  ; n/a           ; n/a             ; n/a         ;
; data_valid    ; 2.5 V        ; 0 in              ; 0 H/in                  ; 0 F/in                  ; short         ; -                   ; open           ; open             ; open   ; 0 in             ; 0 H/in                 ; 0 F/in                 ; short        ; open          ; open            ; open  ; 0 V                 ; -                  ; n/a           ; n/a             ; n/a         ;
; ~ALTERA_DCLK~ ; 2.5 V        ; 0 in              ; 0 H/in                  ; 0 F/in                  ; short         ; -                   ; open           ; open             ; open   ; 0 in             ; 0 H/in                 ; 0 F/in                 ; short        ; open          ; open            ; open  ; 0 V                 ; -                  ; n/a           ; n/a             ; n/a         ;
; ~ALTERA_nCEO~ ; 2.5 V        ; 0 in              ; 0 H/in                  ; 0 F/in                  ; short         ; -                   ; open           ; open             ; open   ; 0 in             ; 0 H/in                 ; 0 F/in                 ; short        ; open          ; open            ; open  ; 0 V                 ; -                  ; n/a           ; n/a             ; n/a         ;
+---------------+--------------+-------------------+-------------------------+-------------------------+---------------+---------------------+----------------+------------------+--------+------------------+------------------------+------------------------+--------------+---------------+-----------------+-------+---------------------+--------------------+---------------+-----------------+-------------+


+----------------------------------------------------------------------------+
; Input Transition Times                                                     ;
+-------------------------+--------------+-----------------+-----------------+
; Pin                     ; I/O Standard ; 10-90 Rise Time ; 90-10 Fall Time ;
+-------------------------+--------------+-----------------+-----------------+
; rst                     ; 2.5 V        ; 2000 ps         ; 2000 ps         ;
; clk                     ; 2.5 V        ; 2000 ps         ; 2000 ps         ;
; rx_pin                  ; 2.5 V        ; 2000 ps         ; 2000 ps         ;
; ~ALTERA_ASDO_DATA1~     ; 2.5 V        ; 2000 ps         ; 2000 ps         ;
; ~ALTERA_FLASH_nCE_nCSO~ ; 2.5 V        ; 2000 ps         ; 2000 ps         ;
; ~ALTERA_DATA0~          ; 2.5 V        ; 2000 ps         ; 2000 ps         ;
+-------------------------+--------------+-----------------+-----------------+


+--------------------------------------------------------------------------------------------------------------------------------------------------------------------------------------------------------------------------------------------------------------------------------------------------------------------------------------------------------------------------------------------------------------------------------------------------------------------------------------------------------------------------------------------------------------------------------------------------------------------------------------------------------------------------------------------+
; Signal Integrity Metrics (Slow 1200mv 0c Model)                                                                                                                                                                                                                                                                                                                                                                                                                                                                                                                                                                                                                                            ;
+---------------+--------------+---------------------+---------------------+------------------------------+------------------------------+---------------------+---------------------+--------------------------------------+--------------------------------------+-----------------------------+-----------------------------+----------------------------+----------------------------+-----------------------------+-----------------------------+--------------------+--------------------+-------------------------------------+-------------------------------------+----------------------------+----------------------------+---------------------------+---------------------------+
; Pin           ; I/O Standard ; Board Delay on Rise ; Board Delay on Fall ; Steady State Voh at FPGA Pin ; Steady State Vol at FPGA Pin ; Voh Max at FPGA Pin ; Vol Min at FPGA Pin ; Ringback Voltage on Rise at FPGA Pin ; Ringback Voltage on Fall at FPGA Pin ; 10-90 Rise Time at FPGA Pin ; 90-10 Fall Time at FPGA Pin ; Monotonic Rise at FPGA Pin ; Monotonic Fall at FPGA Pin ; Steady State Voh at Far-end ; Steady State Vol at Far-end ; Voh Max at Far-end ; Vol Min at Far-end ; Ringback Voltage on Rise at Far-end ; Ringback Voltage on Fall at Far-end ; 10-90 Rise Time at Far-end ; 90-10 Fall Time at Far-end ; Monotonic Rise at Far-end ; Monotonic Fall at Far-end ;
+---------------+--------------+---------------------+---------------------+------------------------------+------------------------------+---------------------+---------------------+--------------------------------------+--------------------------------------+-----------------------------+-----------------------------+----------------------------+----------------------------+-----------------------------+-----------------------------+--------------------+--------------------+-------------------------------------+-------------------------------------+----------------------------+----------------------------+---------------------------+---------------------------+
; data_out[0]   ; 2.5 V        ; 0 s                 ; 0 s                 ; 2.32 V                       ; 4.49e-09 V                   ; 2.38 V              ; -0.00552 V          ; 0.096 V                              ; 0.019 V                              ; 4.18e-10 s                  ; 3.59e-10 s                  ; No                         ; Yes                        ; 2.32 V                      ; 4.49e-09 V                  ; 2.38 V             ; -0.00552 V         ; 0.096 V                             ; 0.019 V                             ; 4.18e-10 s                 ; 3.59e-10 s                 ; No                        ; Yes                       ;
; data_out[1]   ; 2.5 V        ; 0 s                 ; 0 s                 ; 2.32 V                       ; 4.49e-09 V                   ; 2.38 V              ; -0.00552 V          ; 0.096 V                              ; 0.019 V                              ; 4.18e-10 s                  ; 3.59e-10 s                  ; No                         ; Yes                        ; 2.32 V                      ; 4.49e-09 V                  ; 2.38 V             ; -0.00552 V         ; 0.096 V                             ; 0.019 V                             ; 4.18e-10 s                 ; 3.59e-10 s                 ; No                        ; Yes                       ;
; data_out[2]   ; 2.5 V        ; 0 s                 ; 0 s                 ; 2.32 V                       ; 4.49e-09 V                   ; 2.38 V              ; -0.00552 V          ; 0.096 V                              ; 0.019 V                              ; 4.18e-10 s                  ; 3.59e-10 s                  ; No                         ; Yes                        ; 2.32 V                      ; 4.49e-09 V                  ; 2.38 V             ; -0.00552 V         ; 0.096 V                             ; 0.019 V                             ; 4.18e-10 s                 ; 3.59e-10 s                 ; No                        ; Yes                       ;
; data_out[3]   ; 2.5 V        ; 0 s                 ; 0 s                 ; 2.32 V                       ; 4.49e-09 V                   ; 2.38 V              ; -0.00552 V          ; 0.096 V                              ; 0.019 V                              ; 4.18e-10 s                  ; 3.59e-10 s                  ; No                         ; Yes                        ; 2.32 V                      ; 4.49e-09 V                  ; 2.38 V             ; -0.00552 V         ; 0.096 V                             ; 0.019 V                             ; 4.18e-10 s                 ; 3.59e-10 s                 ; No                        ; Yes                       ;
; data_out[4]   ; 2.5 V        ; 0 s                 ; 0 s                 ; 2.32 V                       ; 4.49e-09 V                   ; 2.38 V              ; -0.00552 V          ; 0.096 V                              ; 0.019 V                              ; 4.18e-10 s                  ; 3.59e-10 s                  ; No                         ; Yes                        ; 2.32 V                      ; 4.49e-09 V                  ; 2.38 V             ; -0.00552 V         ; 0.096 V                             ; 0.019 V                             ; 4.18e-10 s                 ; 3.59e-10 s                 ; No                        ; Yes                       ;
; data_out[5]   ; 2.5 V        ; 0 s                 ; 0 s                 ; 2.32 V                       ; 4.49e-09 V                   ; 2.38 V              ; -0.00552 V          ; 0.096 V                              ; 0.019 V                              ; 4.18e-10 s                  ; 3.59e-10 s                  ; No                         ; Yes                        ; 2.32 V                      ; 4.49e-09 V                  ; 2.38 V             ; -0.00552 V         ; 0.096 V                             ; 0.019 V                             ; 4.18e-10 s                 ; 3.59e-10 s                 ; No                        ; Yes                       ;
; data_out[6]   ; 2.5 V        ; 0 s                 ; 0 s                 ; 2.32 V                       ; 4.49e-09 V                   ; 2.38 V              ; -0.00552 V          ; 0.096 V                              ; 0.019 V                              ; 4.18e-10 s                  ; 3.59e-10 s                  ; No                         ; Yes                        ; 2.32 V                      ; 4.49e-09 V                  ; 2.38 V             ; -0.00552 V         ; 0.096 V                             ; 0.019 V                             ; 4.18e-10 s                 ; 3.59e-10 s                 ; No                        ; Yes                       ;
; data_out[7]   ; 2.5 V        ; 0 s                 ; 0 s                 ; 2.32 V                       ; 4.49e-09 V                   ; 2.38 V              ; -0.00552 V          ; 0.096 V                              ; 0.019 V                              ; 4.18e-10 s                  ; 3.59e-10 s                  ; No                         ; Yes                        ; 2.32 V                      ; 4.49e-09 V                  ; 2.38 V             ; -0.00552 V         ; 0.096 V                             ; 0.019 V                             ; 4.18e-10 s                 ; 3.59e-10 s                 ; No                        ; Yes                       ;
; data_valid    ; 2.5 V        ; 0 s                 ; 0 s                 ; 2.32 V                       ; 4.49e-09 V                   ; 2.38 V              ; -0.00552 V          ; 0.096 V                              ; 0.019 V                              ; 4.18e-10 s                  ; 3.59e-10 s                  ; No                         ; Yes                        ; 2.32 V                      ; 4.49e-09 V                  ; 2.38 V             ; -0.00552 V         ; 0.096 V                             ; 0.019 V                             ; 4.18e-10 s                 ; 3.59e-10 s                 ; No                        ; Yes                       ;
; ~ALTERA_DCLK~ ; 2.5 V        ; 0 s                 ; 0 s                 ; 2.32 V                       ; 2.67e-09 V                   ; 2.38 V              ; -0.0485 V           ; 0.167 V                              ; 0.096 V                              ; 2.95e-10 s                  ; 2.73e-10 s                  ; Yes                        ; Yes                        ; 2.32 V                      ; 2.67e-09 V                  ; 2.38 V             ; -0.0485 V          ; 0.167 V                             ; 0.096 V                             ; 2.95e-10 s                 ; 2.73e-10 s                 ; Yes                       ; Yes                       ;
; ~ALTERA_nCEO~ ; 2.5 V        ; 0 s                 ; 0 s                 ; 2.32 V                       ; 4.18e-09 V                   ; 2.38 V              ; -0.00483 V          ; 0.152 V                              ; 0.012 V                              ; 4.81e-10 s                  ; 6.29e-10 s                  ; Yes                        ; Yes                        ; 2.32 V                      ; 4.18e-09 V                  ; 2.38 V             ; -0.00483 V         ; 0.152 V                             ; 0.012 V                             ; 4.81e-10 s                 ; 6.29e-10 s                 ; Yes                       ; Yes                       ;
+---------------+--------------+---------------------+---------------------+------------------------------+------------------------------+---------------------+---------------------+--------------------------------------+--------------------------------------+-----------------------------+-----------------------------+----------------------------+----------------------------+-----------------------------+-----------------------------+--------------------+--------------------+-------------------------------------+-------------------------------------+----------------------------+----------------------------+---------------------------+---------------------------+


+--------------------------------------------------------------------------------------------------------------------------------------------------------------------------------------------------------------------------------------------------------------------------------------------------------------------------------------------------------------------------------------------------------------------------------------------------------------------------------------------------------------------------------------------------------------------------------------------------------------------------------------------------------------------------------------------+
; Signal Integrity Metrics (Slow 1200mv 85c Model)                                                                                                                                                                                                                                                                                                                                                                                                                                                                                                                                                                                                                                           ;
+---------------+--------------+---------------------+---------------------+------------------------------+------------------------------+---------------------+---------------------+--------------------------------------+--------------------------------------+-----------------------------+-----------------------------+----------------------------+----------------------------+-----------------------------+-----------------------------+--------------------+--------------------+-------------------------------------+-------------------------------------+----------------------------+----------------------------+---------------------------+---------------------------+
; Pin           ; I/O Standard ; Board Delay on Rise ; Board Delay on Fall ; Steady State Voh at FPGA Pin ; Steady State Vol at FPGA Pin ; Voh Max at FPGA Pin ; Vol Min at FPGA Pin ; Ringback Voltage on Rise at FPGA Pin ; Ringback Voltage on Fall at FPGA Pin ; 10-90 Rise Time at FPGA Pin ; 90-10 Fall Time at FPGA Pin ; Monotonic Rise at FPGA Pin ; Monotonic Fall at FPGA Pin ; Steady State Voh at Far-end ; Steady State Vol at Far-end ; Voh Max at Far-end ; Vol Min at Far-end ; Ringback Voltage on Rise at Far-end ; Ringback Voltage on Fall at Far-end ; 10-90 Rise Time at Far-end ; 90-10 Fall Time at Far-end ; Monotonic Rise at Far-end ; Monotonic Fall at Far-end ;
+---------------+--------------+---------------------+---------------------+------------------------------+------------------------------+---------------------+---------------------+--------------------------------------+--------------------------------------+-----------------------------+-----------------------------+----------------------------+----------------------------+-----------------------------+-----------------------------+--------------------+--------------------+-------------------------------------+-------------------------------------+----------------------------+----------------------------+---------------------------+---------------------------+
; data_out[0]   ; 2.5 V        ; 0 s                 ; 0 s                 ; 2.32 V                       ; 6.92e-07 V                   ; 2.35 V              ; -0.00996 V          ; 0.121 V                              ; 0.03 V                               ; 4.64e-10 s                  ; 4.47e-10 s                  ; Yes                        ; Yes                        ; 2.32 V                      ; 6.92e-07 V                  ; 2.35 V             ; -0.00996 V         ; 0.121 V                             ; 0.03 V                              ; 4.64e-10 s                 ; 4.47e-10 s                 ; Yes                       ; Yes                       ;
; data_out[1]   ; 2.5 V        ; 0 s                 ; 0 s                 ; 2.32 V                       ; 6.92e-07 V                   ; 2.35 V              ; -0.00996 V          ; 0.121 V                              ; 0.03 V                               ; 4.64e-10 s                  ; 4.47e-10 s                  ; Yes                        ; Yes                        ; 2.32 V                      ; 6.92e-07 V                  ; 2.35 V             ; -0.00996 V         ; 0.121 V                             ; 0.03 V                              ; 4.64e-10 s                 ; 4.47e-10 s                 ; Yes                       ; Yes                       ;
; data_out[2]   ; 2.5 V        ; 0 s                 ; 0 s                 ; 2.32 V                       ; 6.92e-07 V                   ; 2.35 V              ; -0.00996 V          ; 0.121 V                              ; 0.03 V                               ; 4.64e-10 s                  ; 4.47e-10 s                  ; Yes                        ; Yes                        ; 2.32 V                      ; 6.92e-07 V                  ; 2.35 V             ; -0.00996 V         ; 0.121 V                             ; 0.03 V                              ; 4.64e-10 s                 ; 4.47e-10 s                 ; Yes                       ; Yes                       ;
; data_out[3]   ; 2.5 V        ; 0 s                 ; 0 s                 ; 2.32 V                       ; 6.92e-07 V                   ; 2.35 V              ; -0.00996 V          ; 0.121 V                              ; 0.03 V                               ; 4.64e-10 s                  ; 4.47e-10 s                  ; Yes                        ; Yes                        ; 2.32 V                      ; 6.92e-07 V                  ; 2.35 V             ; -0.00996 V         ; 0.121 V                             ; 0.03 V                              ; 4.64e-10 s                 ; 4.47e-10 s                 ; Yes                       ; Yes                       ;
; data_out[4]   ; 2.5 V        ; 0 s                 ; 0 s                 ; 2.32 V                       ; 6.92e-07 V                   ; 2.35 V              ; -0.00996 V          ; 0.121 V                              ; 0.03 V                               ; 4.64e-10 s                  ; 4.47e-10 s                  ; Yes                        ; Yes                        ; 2.32 V                      ; 6.92e-07 V                  ; 2.35 V             ; -0.00996 V         ; 0.121 V                             ; 0.03 V                              ; 4.64e-10 s                 ; 4.47e-10 s                 ; Yes                       ; Yes                       ;
; data_out[5]   ; 2.5 V        ; 0 s                 ; 0 s                 ; 2.32 V                       ; 6.92e-07 V                   ; 2.35 V              ; -0.00996 V          ; 0.121 V                              ; 0.03 V                               ; 4.64e-10 s                  ; 4.47e-10 s                  ; Yes                        ; Yes                        ; 2.32 V                      ; 6.92e-07 V                  ; 2.35 V             ; -0.00996 V         ; 0.121 V                             ; 0.03 V                              ; 4.64e-10 s                 ; 4.47e-10 s                 ; Yes                       ; Yes                       ;
; data_out[6]   ; 2.5 V        ; 0 s                 ; 0 s                 ; 2.32 V                       ; 6.92e-07 V                   ; 2.35 V              ; -0.00996 V          ; 0.121 V                              ; 0.03 V                               ; 4.64e-10 s                  ; 4.47e-10 s                  ; Yes                        ; Yes                        ; 2.32 V                      ; 6.92e-07 V                  ; 2.35 V             ; -0.00996 V         ; 0.121 V                             ; 0.03 V                              ; 4.64e-10 s                 ; 4.47e-10 s                 ; Yes                       ; Yes                       ;
; data_out[7]   ; 2.5 V        ; 0 s                 ; 0 s                 ; 2.32 V                       ; 6.92e-07 V                   ; 2.35 V              ; -0.00996 V          ; 0.121 V                              ; 0.03 V                               ; 4.64e-10 s                  ; 4.47e-10 s                  ; Yes                        ; Yes                        ; 2.32 V                      ; 6.92e-07 V                  ; 2.35 V             ; -0.00996 V         ; 0.121 V                             ; 0.03 V                              ; 4.64e-10 s                 ; 4.47e-10 s                 ; Yes                       ; Yes                       ;
; data_valid    ; 2.5 V        ; 0 s                 ; 0 s                 ; 2.32 V                       ; 6.92e-07 V                   ; 2.35 V              ; -0.00996 V          ; 0.121 V                              ; 0.03 V                               ; 4.64e-10 s                  ; 4.47e-10 s                  ; Yes                        ; Yes                        ; 2.32 V                      ; 6.92e-07 V                  ; 2.35 V             ; -0.00996 V         ; 0.121 V                             ; 0.03 V                              ; 4.64e-10 s                 ; 4.47e-10 s                 ; Yes                       ; Yes                       ;
; ~ALTERA_DCLK~ ; 2.5 V        ; 0 s                 ; 0 s                 ; 2.32 V                       ; 3.75e-07 V                   ; 2.35 V              ; -0.0109 V           ; 0.084 V                              ; 0.027 V                              ; 4.31e-10 s                  ; 3.61e-10 s                  ; Yes                        ; Yes                        ; 2.32 V                      ; 3.75e-07 V                  ; 2.35 V             ; -0.0109 V          ; 0.084 V                             ; 0.027 V                             ; 4.31e-10 s                 ; 3.61e-10 s                 ; Yes                       ; Yes                       ;
; ~ALTERA_nCEO~ ; 2.5 V        ; 0 s                 ; 0 s                 ; 2.32 V                       ; 6.15e-07 V                   ; 2.35 V              ; -0.00712 V          ; 0.093 V                              ; 0.02 V                               ; 6.21e-10 s                  ; 7.9e-10 s                   ; Yes                        ; Yes                        ; 2.32 V                      ; 6.15e-07 V                  ; 2.35 V             ; -0.00712 V         ; 0.093 V                             ; 0.02 V                              ; 6.21e-10 s                 ; 7.9e-10 s                  ; Yes                       ; Yes                       ;
+---------------+--------------+---------------------+---------------------+------------------------------+------------------------------+---------------------+---------------------+--------------------------------------+--------------------------------------+-----------------------------+-----------------------------+----------------------------+----------------------------+-----------------------------+-----------------------------+--------------------+--------------------+-------------------------------------+-------------------------------------+----------------------------+----------------------------+---------------------------+---------------------------+


+--------------------------------------------------------------------------------------------------------------------------------------------------------------------------------------------------------------------------------------------------------------------------------------------------------------------------------------------------------------------------------------------------------------------------------------------------------------------------------------------------------------------------------------------------------------------------------------------------------------------------------------------------------------------------------------------+
; Signal Integrity Metrics (Fast 1200mv 0c Model)                                                                                                                                                                                                                                                                                                                                                                                                                                                                                                                                                                                                                                            ;
+---------------+--------------+---------------------+---------------------+------------------------------+------------------------------+---------------------+---------------------+--------------------------------------+--------------------------------------+-----------------------------+-----------------------------+----------------------------+----------------------------+-----------------------------+-----------------------------+--------------------+--------------------+-------------------------------------+-------------------------------------+----------------------------+----------------------------+---------------------------+---------------------------+
; Pin           ; I/O Standard ; Board Delay on Rise ; Board Delay on Fall ; Steady State Voh at FPGA Pin ; Steady State Vol at FPGA Pin ; Voh Max at FPGA Pin ; Vol Min at FPGA Pin ; Ringback Voltage on Rise at FPGA Pin ; Ringback Voltage on Fall at FPGA Pin ; 10-90 Rise Time at FPGA Pin ; 90-10 Fall Time at FPGA Pin ; Monotonic Rise at FPGA Pin ; Monotonic Fall at FPGA Pin ; Steady State Voh at Far-end ; Steady State Vol at Far-end ; Voh Max at Far-end ; Vol Min at Far-end ; Ringback Voltage on Rise at Far-end ; Ringback Voltage on Fall at Far-end ; 10-90 Rise Time at Far-end ; 90-10 Fall Time at Far-end ; Monotonic Rise at Far-end ; Monotonic Fall at Far-end ;
+---------------+--------------+---------------------+---------------------+------------------------------+------------------------------+---------------------+---------------------+--------------------------------------+--------------------------------------+-----------------------------+-----------------------------+----------------------------+----------------------------+-----------------------------+-----------------------------+--------------------+--------------------+-------------------------------------+-------------------------------------+----------------------------+----------------------------+---------------------------+---------------------------+
; data_out[0]   ; 2.5 V        ; 0 s                 ; 0 s                 ; 2.62 V                       ; 4.05e-08 V                   ; 2.72 V              ; -0.0349 V           ; 0.173 V                              ; 0.1 V                                ; 2.72e-10 s                  ; 2.69e-10 s                  ; Yes                        ; Yes                        ; 2.62 V                      ; 4.05e-08 V                  ; 2.72 V             ; -0.0349 V          ; 0.173 V                             ; 0.1 V                               ; 2.72e-10 s                 ; 2.69e-10 s                 ; Yes                       ; Yes                       ;
; data_out[1]   ; 2.5 V        ; 0 s                 ; 0 s                 ; 2.62 V                       ; 4.05e-08 V                   ; 2.72 V              ; -0.0349 V           ; 0.173 V                              ; 0.1 V                                ; 2.72e-10 s                  ; 2.69e-10 s                  ; Yes                        ; Yes                        ; 2.62 V                      ; 4.05e-08 V                  ; 2.72 V             ; -0.0349 V          ; 0.173 V                             ; 0.1 V                               ; 2.72e-10 s                 ; 2.69e-10 s                 ; Yes                       ; Yes                       ;
; data_out[2]   ; 2.5 V        ; 0 s                 ; 0 s                 ; 2.62 V                       ; 4.05e-08 V                   ; 2.72 V              ; -0.0349 V           ; 0.173 V                              ; 0.1 V                                ; 2.72e-10 s                  ; 2.69e-10 s                  ; Yes                        ; Yes                        ; 2.62 V                      ; 4.05e-08 V                  ; 2.72 V             ; -0.0349 V          ; 0.173 V                             ; 0.1 V                               ; 2.72e-10 s                 ; 2.69e-10 s                 ; Yes                       ; Yes                       ;
; data_out[3]   ; 2.5 V        ; 0 s                 ; 0 s                 ; 2.62 V                       ; 4.05e-08 V                   ; 2.72 V              ; -0.0349 V           ; 0.173 V                              ; 0.1 V                                ; 2.72e-10 s                  ; 2.69e-10 s                  ; Yes                        ; Yes                        ; 2.62 V                      ; 4.05e-08 V                  ; 2.72 V             ; -0.0349 V          ; 0.173 V                             ; 0.1 V                               ; 2.72e-10 s                 ; 2.69e-10 s                 ; Yes                       ; Yes                       ;
; data_out[4]   ; 2.5 V        ; 0 s                 ; 0 s                 ; 2.62 V                       ; 4.05e-08 V                   ; 2.72 V              ; -0.0349 V           ; 0.173 V                              ; 0.1 V                                ; 2.72e-10 s                  ; 2.69e-10 s                  ; Yes                        ; Yes                        ; 2.62 V                      ; 4.05e-08 V                  ; 2.72 V             ; -0.0349 V          ; 0.173 V                             ; 0.1 V                               ; 2.72e-10 s                 ; 2.69e-10 s                 ; Yes                       ; Yes                       ;
; data_out[5]   ; 2.5 V        ; 0 s                 ; 0 s                 ; 2.62 V                       ; 4.05e-08 V                   ; 2.72 V              ; -0.0349 V           ; 0.173 V                              ; 0.1 V                                ; 2.72e-10 s                  ; 2.69e-10 s                  ; Yes                        ; Yes                        ; 2.62 V                      ; 4.05e-08 V                  ; 2.72 V             ; -0.0349 V          ; 0.173 V                             ; 0.1 V                               ; 2.72e-10 s                 ; 2.69e-10 s                 ; Yes                       ; Yes                       ;
; data_out[6]   ; 2.5 V        ; 0 s                 ; 0 s                 ; 2.62 V                       ; 4.05e-08 V                   ; 2.72 V              ; -0.0349 V           ; 0.173 V                              ; 0.1 V                                ; 2.72e-10 s                  ; 2.69e-10 s                  ; Yes                        ; Yes                        ; 2.62 V                      ; 4.05e-08 V                  ; 2.72 V             ; -0.0349 V          ; 0.173 V                             ; 0.1 V                               ; 2.72e-10 s                 ; 2.69e-10 s                 ; Yes                       ; Yes                       ;
; data_out[7]   ; 2.5 V        ; 0 s                 ; 0 s                 ; 2.62 V                       ; 4.05e-08 V                   ; 2.72 V              ; -0.0349 V           ; 0.173 V                              ; 0.1 V                                ; 2.72e-10 s                  ; 2.69e-10 s                  ; Yes                        ; Yes                        ; 2.62 V                      ; 4.05e-08 V                  ; 2.72 V             ; -0.0349 V          ; 0.173 V                             ; 0.1 V                               ; 2.72e-10 s                 ; 2.69e-10 s                 ; Yes                       ; Yes                       ;
; data_valid    ; 2.5 V        ; 0 s                 ; 0 s                 ; 2.62 V                       ; 4.05e-08 V                   ; 2.72 V              ; -0.0349 V           ; 0.173 V                              ; 0.1 V                                ; 2.72e-10 s                  ; 2.69e-10 s                  ; Yes                        ; Yes                        ; 2.62 V                      ; 4.05e-08 V                  ; 2.72 V             ; -0.0349 V          ; 0.173 V                             ; 0.1 V                               ; 2.72e-10 s                 ; 2.69e-10 s                 ; Yes                       ; Yes                       ;
; ~ALTERA_DCLK~ ; 2.5 V        ; 0 s                 ; 0 s                 ; 2.62 V                       ; 2.22e-08 V                   ; 2.74 V              ; -0.06 V             ; 0.158 V                              ; 0.08 V                               ; 2.68e-10 s                  ; 2.19e-10 s                  ; Yes                        ; Yes                        ; 2.62 V                      ; 2.22e-08 V                  ; 2.74 V             ; -0.06 V            ; 0.158 V                             ; 0.08 V                              ; 2.68e-10 s                 ; 2.19e-10 s                 ; Yes                       ; Yes                       ;
; ~ALTERA_nCEO~ ; 2.5 V        ; 0 s                 ; 0 s                 ; 2.62 V                       ; 3.54e-08 V                   ; 2.7 V               ; -0.00943 V          ; 0.276 V                              ; 0.035 V                              ; 3.19e-10 s                  ; 4.99e-10 s                  ; No                         ; Yes                        ; 2.62 V                      ; 3.54e-08 V                  ; 2.7 V              ; -0.00943 V         ; 0.276 V                             ; 0.035 V                             ; 3.19e-10 s                 ; 4.99e-10 s                 ; No                        ; Yes                       ;
+---------------+--------------+---------------------+---------------------+------------------------------+------------------------------+---------------------+---------------------+--------------------------------------+--------------------------------------+-----------------------------+-----------------------------+----------------------------+----------------------------+-----------------------------+-----------------------------+--------------------+--------------------+-------------------------------------+-------------------------------------+----------------------------+----------------------------+---------------------------+---------------------------+


+-------------------------------------------------------------------+
; Setup Transfers                                                   ;
+------------+----------+----------+----------+----------+----------+
; From Clock ; To Clock ; RR Paths ; FR Paths ; RF Paths ; FF Paths ;
+------------+----------+----------+----------+----------+----------+
; clk        ; clk      ; 1966     ; 0        ; 0        ; 0        ;
+------------+----------+----------+----------+----------+----------+
Entries labeled "false path" only account for clock-to-clock false paths and not path-based false paths. As a result, actual path counts may be lower than reported.


+-------------------------------------------------------------------+
; Hold Transfers                                                    ;
+------------+----------+----------+----------+----------+----------+
; From Clock ; To Clock ; RR Paths ; FR Paths ; RF Paths ; FF Paths ;
+------------+----------+----------+----------+----------+----------+
; clk        ; clk      ; 1966     ; 0        ; 0        ; 0        ;
+------------+----------+----------+----------+----------+----------+
Entries labeled "false path" only account for clock-to-clock false paths and not path-based false paths. As a result, actual path counts may be lower than reported.


---------------
; Report TCCS ;
---------------
No dedicated SERDES Transmitter circuitry present in device or used in design


---------------
; Report RSKM ;
---------------
No non-DPA dedicated SERDES Receiver circuitry present in device or used in design


+------------------------------------------------+
; Unconstrained Paths Summary                    ;
+---------------------------------+-------+------+
; Property                        ; Setup ; Hold ;
+---------------------------------+-------+------+
; Illegal Clocks                  ; 0     ; 0    ;
; Unconstrained Clocks            ; 0     ; 0    ;
; Unconstrained Input Ports       ; 2     ; 2    ;
; Unconstrained Input Port Paths  ; 68    ; 68   ;
; Unconstrained Output Ports      ; 9     ; 9    ;
; Unconstrained Output Port Paths ; 9     ; 9    ;
+---------------------------------+-------+------+


+-------------------------------------+
; Clock Status Summary                ;
+--------+-------+------+-------------+
; Target ; Clock ; Type ; Status      ;
+--------+-------+------+-------------+
; clk    ; clk   ; Base ; Constrained ;
+--------+-------+------+-------------+


+---------------------------------------------------------------------------------------------------+
; Unconstrained Input Ports                                                                         ;
+------------+--------------------------------------------------------------------------------------+
; Input Port ; Comment                                                                              ;
+------------+--------------------------------------------------------------------------------------+
; rst        ; No input delay, min/max delays, false-path exceptions, or max skew assignments found ;
; rx_pin     ; No input delay, min/max delays, false-path exceptions, or max skew assignments found ;
+------------+--------------------------------------------------------------------------------------+


+-----------------------------------------------------------------------------------------------------+
; Unconstrained Output Ports                                                                          ;
+-------------+---------------------------------------------------------------------------------------+
; Output Port ; Comment                                                                               ;
+-------------+---------------------------------------------------------------------------------------+
; data_out[0] ; No output delay, min/max delays, false-path exceptions, or max skew assignments found ;
; data_out[1] ; No output delay, min/max delays, false-path exceptions, or max skew assignments found ;
; data_out[2] ; No output delay, min/max delays, false-path exceptions, or max skew assignments found ;
; data_out[3] ; No output delay, min/max delays, false-path exceptions, or max skew assignments found ;
; data_out[4] ; No output delay, min/max delays, false-path exceptions, or max skew assignments found ;
; data_out[5] ; No output delay, min/max delays, false-path exceptions, or max skew assignments found ;
; data_out[6] ; No output delay, min/max delays, false-path exceptions, or max skew assignments found ;
; data_out[7] ; No output delay, min/max delays, false-path exceptions, or max skew assignments found ;
; data_valid  ; No output delay, min/max delays, false-path exceptions, or max skew assignments found ;
+-------------+---------------------------------------------------------------------------------------+


+---------------------------------------------------------------------------------------------------+
; Unconstrained Input Ports                                                                         ;
+------------+--------------------------------------------------------------------------------------+
; Input Port ; Comment                                                                              ;
+------------+--------------------------------------------------------------------------------------+
; rst        ; No input delay, min/max delays, false-path exceptions, or max skew assignments found ;
; rx_pin     ; No input delay, min/max delays, false-path exceptions, or max skew assignments found ;
+------------+--------------------------------------------------------------------------------------+


+-----------------------------------------------------------------------------------------------------+
; Unconstrained Output Ports                                                                          ;
+-------------+---------------------------------------------------------------------------------------+
; Output Port ; Comment                                                                               ;
+-------------+---------------------------------------------------------------------------------------+
; data_out[0] ; No output delay, min/max delays, false-path exceptions, or max skew assignments found ;
; data_out[1] ; No output delay, min/max delays, false-path exceptions, or max skew assignments found ;
; data_out[2] ; No output delay, min/max delays, false-path exceptions, or max skew assignments found ;
; data_out[3] ; No output delay, min/max delays, false-path exceptions, or max skew assignments found ;
; data_out[4] ; No output delay, min/max delays, false-path exceptions, or max skew assignments found ;
; data_out[5] ; No output delay, min/max delays, false-path exceptions, or max skew assignments found ;
; data_out[6] ; No output delay, min/max delays, false-path exceptions, or max skew assignments found ;
; data_out[7] ; No output delay, min/max delays, false-path exceptions, or max skew assignments found ;
; data_valid  ; No output delay, min/max delays, false-path exceptions, or max skew assignments found ;
+-------------+---------------------------------------------------------------------------------------+


+--------------------------+
; Timing Analyzer Messages ;
+--------------------------+
Info: *******************************************************************
Info: Running Quartus Prime Timing Analyzer
    Info: Version 20.1.1 Build 720 11/11/2020 SJ Lite Edition
    Info: Processing started: Tue May 12 20:51:43 2026
Info: Command: quartus_sta BiometricLock -c BiometricLock
Info: qsta_default_script.tcl version: #1
Warning (18236): Number of processors has not been specified which may cause overloading on shared machines.  Set the global assignment NUM_PARALLEL_PROCESSORS in your QSF to an appropriate value for best performance.
Info (20030): Parallel compilation is enabled and will use 4 of the 4 processors detected
Info (21077): Low junction temperature is 0 degrees C
Info (21077): High junction temperature is 85 degrees C
Critical Warning (332012): Synopsys Design Constraints File file not found: 'BiometricLock.sdc'. A Synopsys Design Constraints File is required by the Timing Analyzer to get proper timing constraints. Without it, the Compiler will not properly optimize the design.
Info (332142): No user constrained base clocks found in the design. Calling "derive_clocks -period 1.0"
Info (332105): Deriving Clocks
    Info (332105): create_clock -period 1.000 -name clk clk
Info (332143): No user constrained clock uncertainty found in the design. Calling "derive_clock_uncertainty"
Info (332123): Deriving Clock Uncertainty. Please refer to report_sdc in the Timing Analyzer to see clock uncertainties.
Info: Found TIMING_ANALYZER_REPORT_SCRIPT_INCLUDE_DEFAULT_ANALYSIS = ON
Info: Analyzing Slow 1200mV 85C Model
Critical Warning (332148): Timing requirements not met
    Info (11105): For recommendations on closing timing, run Report Timing Closure Recommendations in the Timing Analyzer.
Info (332146): Worst-case setup slack is -2.994
    Info (332119):     Slack       End Point TNS Clock 
    Info (332119): ========= =================== =====================
    Info (332119):    -2.994            -102.213 clk 
Info (332146): Worst-case hold slack is 0.385
    Info (332119):     Slack       End Point TNS Clock 
    Info (332119): ========= =================== =====================
    Info (332119):     0.385               0.000 clk 
Info (332140): No Recovery paths to report
Info (332140): No Removal paths to report
Info (332146): Worst-case minimum pulse width slack is -3.000
    Info (332119):     Slack       End Point TNS Clock 
    Info (332119): ========= =================== =====================
    Info (332119):    -3.000             -54.400 clk 
Info: Analyzing Slow 1200mV 0C Model
Info (334003): Started post-fitting delay annotation
Info (334004): Delay annotation completed successfully
Info (332123): Deriving Clock Uncertainty. Please refer to report_sdc in the Timing Analyzer to see clock uncertainties.
Critical Warning (332148): Timing requirements not met
    Info (11105): For recommendations on closing timing, run Report Timing Closure Recommendations in the Timing Analyzer.
Info (332146): Worst-case setup slack is -2.656
    Info (332119):     Slack       End Point TNS Clock 
    Info (332119): ========= =================== =====================
    Info (332119):    -2.656             -90.325 clk 
Info (332146): Worst-case hold slack is 0.338
    Info (332119):     Slack       End Point TNS Clock 
    Info (332119): ========= =================== =====================
    Info (332119):     0.338               0.000 clk 
Info (332140): No Recovery paths to report
Info (332140): No Removal paths to report
Info (332146): Worst-case minimum pulse width slack is -3.000
    Info (332119):     Slack       End Point TNS Clock 
    Info (332119): ========= =================== =====================
    Info (332119):    -3.000             -54.400 clk 
Info: Analyzing Fast 1200mV 0C Model
Info (332123): Deriving Clock Uncertainty. Please refer to report_sdc in the Timing Analyzer to see clock uncertainties.
Critical Warning (332148): Timing requirements not met
    Info (11105): For recommendations on closing timing, run Report Timing Closure Recommendations in the Timing Analyzer.
Info (332146): Worst-case setup slack is -0.926
    Info (332119):     Slack       End Point TNS Clock 
    Info (332119): ========= =================== =====================
    Info (332119):    -0.926             -28.911 clk 
Info (332146): Worst-case hold slack is 0.173
    Info (332119):     Slack       End Point TNS Clock 
    Info (332119): ========= =================== =====================
    Info (332119):     0.173               0.000 clk 
Info (332140): No Recovery paths to report
Info (332140): No Removal paths to report
Info (332146): Worst-case minimum pulse width slack is -3.000
    Info (332119):     Slack       End Point TNS Clock 
    Info (332119): ========= =================== =====================
    Info (332119):    -3.000             -45.939 clk 
Info (332102): Design is not fully constrained for setup requirements
Info (332102): Design is not fully constrained for hold requirements
Info: Quartus Prime Timing Analyzer was successful. 0 errors, 5 warnings
    Info: Peak virtual memory: 4860 megabytes
    Info: Processing ended: Tue May 12 20:51:45 2026
    Info: Elapsed time: 00:00:02
    Info: Total CPU time (on all processors): 00:00:02


